{
	"format_version": "1.12.0",
	"minecraft:geometry": [
		{
			"description": {
				"identifier": "geometry.parcanite_leggings",
				"texture_width": 64,
				"texture_height": 32,
				"visible_bounds_width": 3,
				"visible_bounds_height": 3,
				"visible_bounds_offset": [0, 1.5, 0]
			},
			"bones": [
				{
					"name": "rightLeg",
					"pivot": [-1.6, 12, 0],
					"cubes": [
						{"origin": [-3.9, 0, -2], "size": [4, 12, 4], "inflate": 0.5, "uv": [0, 16]}
					]
				},
				{
					"name": "spike",
					"parent": "rightLeg",
					"pivot": [-5, 11, -0.5],
					"rotation": [22.5, 10, 0],
					"cubes": [
						{"origin": [-9.4, 11, -2], "size": [5, 0, 3], "uv": [40, 28]},
						{"origin": [-8.4, 7, -4], "size": [5, 0, 3], "uv": [40, 28]}
					]
				},
				{
					"name": "body",
					"pivot": [0, 24, 0],
					"cubes": [
						{"origin": [-4, 12, -2], "size": [8, 12, 4], "inflate": 0.65, "uv": [16, 16]}
					]
				},
				{
					"name": "leftLeg",
					"pivot": [1.4, 12, 0],
					"cubes": [
						{"origin": [-0.1, 0, -2], "size": [4, 12, 4], "inflate": 0.5, "uv": [0, 16], "mirror": true}
					]
				},
				{
					"name": "spike2",
					"parent": "leftLeg",
					"pivot": [5, 11, -0.5],
					"rotation": [22.5, -10, 0],
					"cubes": [
						{"origin": [4.4, 11, -2], "size": [5, 0, 3], "uv": [40, 28], "mirror": true},
						{"origin": [3.4, 7, -4], "size": [5, 0, 3], "uv": [40, 28], "mirror": true}
					]
				}
			]
		}
	]
}