{
	"format_version": "1.8.0",
	"animations": {
		"animation.player.sneaking": {
			"loop": true,
			"animation_length": 5.72,
			"bones": {
				"head": {
					"rotation": {
						"0.0": [0, 0, 0],
						"0.8": [0, 0, 0],
						"1.12": [0, -180, 0],
						"4.48": [0, -3600, 0],
						"4.88": [0, 0, 0]
					},
					"position": {
						"0.0": [0, 0, 0],
						"0.4": [0, -4, -11],
						"0.8": [0, 8, -1],
						"4.52": [0, 8, -1],
						"4.88": [0, 0, 0]
					},
					"scale": {
						"0.0": [1, 1, 1],
						"0.8": [4.5, 0.2, 0.4],
						"4.52": [4.5, 0.2, 0.4],
						"4.88": [1, 1, 1]
					}
				},
				"rightArm": {
					"rotation": {
						"0.0": [0, 0, 0],
						"0.76": [-7.5, 0, 0],
						"4.52": [-7.5, 0, -2.5],
						"4.8": [0, 0, 0]
					},
					"position": {
						"0.0": [0, 0, 0],
						"0.76": [5, 7, 14],
						"4.52": [5, 7, 14],
						"4.8": [0, 0, 0]
					},
					"scale": {
						"0.0": [1, 1, 1],
						"0.76": [0.2, 0.5, 1],
						"4.52": [0.2, 0.5, 1],
						"4.8": [1, 1, 1]
					}
				},
				"leftArm": {
					"rotation": {
						"0.0": [0, 0, 0],
						"0.56": [90, 0, 0],
						"0.6": [90, 0, 0],
						"4.52": [90, 0, 0],
						"4.76": [0, 0, 0]
					},
					"position": {
						"0.0": [0, 0, 0],
						"0.6": [-6, 2, 4],
						"4.52": [-6, 2, 4],
						"4.76": [0, 0, 0]
					},
					"scale": {
						"0.0": [1, 1, 1],
						"0.6": [1.1, 1, 1],
						"0.76": [1.1, 1.2, 1],
						"4.52": [1.1, 1.2, 1],
						"4.76": [1, 1, 1]
					}
				},
				"rightLeg": {
					"rotation": {
						"0.0": [0, 0, 0],
						"0.84": [0, 0, -90],
						"4.52": [0, 0, -90],
						"4.76": [0, 0, 0]
					},
					"position": {
						"0.0": [0, 0, 0],
						"0.84": [-5, 10, 0],
						"4.52": [-5, 10, 0],
						"4.76": [0, 0, 0]
					},
					"scale": {
						"0.0": [1, 1, 1],
						"0.84": [0.1, 1.2, 0.6],
						"4.52": [0.1, 1.2, 0.6],
						"4.76": [1, 1, 1]
					}
				},
				"leftLeg": {
					"rotation": {
						"0.0": [0, 0, 0],
						"4.52": [0, 0, 0],
						"4.84": [0, 0, 0]
					},
					"position": {
						"0.0": [0, 0, 0],
						"0.68": [-2, 21, -1],
						"4.52": [-2, 21, -1],
						"4.84": [0, 0, 0]
					},
					"scale": {
						"0.0": [1, 1, 1],
						"0.68": [0.7, 0.6, 0.7],
						"4.52": [0.7, 0.5, 0.7],
						"4.84": [1, 1, 1]
					}
				},
				"bodyparts": {
					"rotation": {
						"0.0": [0, 0, 0],
						"0.48": [90, 0, 0],
						"4.52": [90, 0, 0],
						"4.72": [0, 0, 0]
					},
					"position": {
						"0.0": [0, 0, 0],
						"0.48": [0, 0, -7],
						"4.52": [0, 0, -7],
						"4.72": [0, 0, 0]
					},
					"scale": {
						"0.0": [1, 1, 1],
						"0.48": [1.1, 1, 2.1],
						"4.52": [1.1, 1, 2.1],
						"4.72": [1, 1, 1]
					}
				}
			}
		}
	}
}
