{
	"namespace": "start",

	"morefood_panel":{
		"type": "stack_panel",
		"orientation": "horizontal",
		"controls": [
			{"ico": {"type": "image","texture": "food_icon","size": [15,15]}},
			{"ver": {"type": "label","text": "§6 More Food"}},
			{"ver2": {"type": "label","font_scale_factor": 0.5,"text": "update.version"}}
		]
	},

	"copyright@common_buttons.light_content_button": {
		"anchor_from": "bottom_left",
		"anchor_to": "bottom_left",
		"size": [97,24],
		"$pressed_button_name": "button.menu_buy_game",
		"$button_content": "start.morefood_panel",
		"$default_button_alpha": 0.5,
		"$default_hover_alpha": 0.5
	}
}
