{
	"format_version": "1.8.0",
	"animations": {
		"animation.player.sneaking": {
			"loop": true,
			"animation_length": 1,
			"bones": {
				"head": {
					"rotation": {
						"0.0": [0, 0, 0],
						"0.24": [-10, 12.5, 0],
						"0.4": [0, -15, -5],
						"0.6": [0, -15, -5],
						"0.8": [0, 0, 0]
					}
				},
				"rightArm": {
					"rotation": {
						"0.0": [0, 0, 0],
						"0.24": [-102.5, 52.5, 0],
						"0.32": [-102.5, 52.5, 0],
						"0.52": [-105, -100, -7.5],
						"0.6": [-105, -100, -7.5],
						"0.8": [0, 0, 0]
					}
				},
				"leftArm": {
					"rotation": {
						"0.0": [0, 0, 0],
						"0.24": [-102.5, 80, 0],
						"0.32": [-102.5, 80, 0],
						"0.52": [-102.5, -57.5, 0],
						"0.6": [-102.5, -57.5, 0],
						"0.8": [0, 0, 0]
					}
				}
			}
		}
	}
}