{
    "format_version": "1.16.220",
    "minecraft:weighted_random_feature": {
        "description": {
            "identifier": "morefood:bush_plot_random"
        },
        "features": [
          [ "morefood:bush_plot_coffee", 1 ],
          [ "morefood:bush_plot_gherkin", 1 ],
          [ "morefood:bush_plot_grape", 1 ],
          [ "morefood:bush_plot_pepper", 1 ],
          [ "morefood:bush_plot_raspberry", 1 ],
          [ "morefood:bush_plot_strawberry", 1 ],
          [ "morefood:bush_plot_tea", 1 ],
          [ "morefood:bush_plot_tomato", 1 ],
          [ "morefood:bush_plot_vanilla", 1 ]
        ]
    }
}