{
  "format_version": "1.16.220",
  "minecraft:structure_template_feature": {
    "description": {
      "identifier": "morefood:small_plot_lettuce2"
    },
    "structure_name": "morefood:small_plot/lettuce2",
    "adjustment_radius": 8,
    "facing_direction": "random",
    "constraints": {
      "grounded": {},
      "unburied": {},
      "block_intersection": {
        "block_allowlist": [
          "minecraft:air",
          "minecraft:grass"
        ]
      }
    }
  }
}