{
    "format_version": "1.16.220",
    "minecraft:weighted_random_feature": {
        "description": {
            "identifier": "morefood:tree_random"
        },
        "features": [
          [ "morefood:tree_apple", 1 ],
          [ "morefood:tree_banana", 1 ],
          [ "morefood:tree_lemon", 1 ],
          [ "morefood:tree_olive", 1 ],
          [ "morefood:tree_orange", 1 ],
          [ "morefood:tree_plum", 1 ],

          [ "morefood:tree_apple2", 1 ],
          [ "morefood:tree_banana2", 1 ],
          [ "morefood:tree_lemon2", 1 ],
          [ "morefood:tree_olive2", 1 ],
          [ "morefood:tree_orange2", 1 ],
          [ "morefood:tree_plum2", 1 ]
        ]
    }
}