{
  "credit": "Thanks to Legopitstop for creating this useful resource. https://legopitstop.weebly.com/media.html",
  "resource_pack_name": "vanilla",
  "texture_name": "atlas.items",
  "texture_data": {
    "morefood:seed": {
      "textures": [
        "textures/morefood/item/barley_seeds.png",
        "textures/morefood/item/gherkin_seeds.png",
        "textures/morefood/item/grape_seeds.png",
        "textures/morefood/item/hops_seeds.png",
        "textures/morefood/item/lettuce_seeds.png",
        "textures/morefood/item/onion_seeds.png",
        "textures/morefood/item/pepper_seeds.png",
        "textures/morefood/item/raspberry_seeds.png",
        "textures/morefood/item/rice_seeds.png",
        "textures/morefood/item/strawberry_seeds.png",
        "textures/morefood/item/tea_seeds.png",
        "textures/morefood/item/tomato_seeds.png",
        "textures/morefood/item/vanilla_seeds.png"
      ]
    },
    "morefood:sapling": {
      "textures": [
        "textures/morefood/block/apple_sapling.png",
        "textures/morefood/block/banana_sapling.png",
        "textures/morefood/block/lemon_sapling.png",
        "textures/morefood/block/olive_sapling.png",
        "textures/morefood/block/orange_sapling.png",
        "textures/morefood/block/plum_sapling.png",
        "textures/morefood/block/palm_sapling.png"
      ]
    },
    "morefood:knife": {
      "textures": [
        "textures/morefood/item/alternate_tools/diamond_knife.png",
        "textures/morefood/item/alternate_tools/golden_knife.png",
        "textures/morefood/item/alternate_tools/iron_knife.png",
        "textures/morefood/item/alternate_tools/netherite_knife.png",
        "textures/morefood/item/alternate_tools/stone_knife.png",
        "textures/morefood/item/alternate_tools/wooden_knife.png",
        "textures/morefood/item/alternate_tools/emerald_knife.png",
        "textures/morefood/item/alternate_tools/copper_knife.png"
      ]
    },
    "morefood:juice": {
      "textures": [
        "textures/morefood/item/apple_juice.png",
        "textures/morefood/item/berry_juice.png",
        "textures/morefood/item/grape_juice.png",
        "textures/morefood/item/lemon_juice.png",
        "textures/morefood/item/melon_juice.png",
        "textures/morefood/item/mixed_fruit_juice.png",
        "textures/morefood/item/orange_juice.png",
        "textures/morefood/item/strawberry_juice.png",
        "textures/morefood/item/tomato_juice.png"
      ]
    },
    "morefood:icecrush": {
      "textures": [
        "textures/morefood/item/apple_icecrush.png",
        "textures/morefood/item/apple_raspberry_icecrush.png",
        "textures/morefood/item/berry_icecrush.png",
        "textures/morefood/item/grape_icecrush.png",
        "textures/morefood/item/lemon_icecrush.png",
        "textures/morefood/item/melon_icecrush.png",
        "textures/morefood/item/mixed_fruit_icecrush.png",
        "textures/morefood/item/orange_icecrush.png",
        "textures/morefood/item/strawberry_icecrush.png"
      ]
    },
    "morefood:icecream": {
      "textures": [
        "textures/morefood/item/banana_icecream.png",
        "textures/morefood/item/chocolate_icecream.png",
        "textures/morefood/item/icecream_bowl.png",
        "textures/morefood/item/icecream_cone.png",
        "textures/morefood/item/strawberry_icecream.png",
        "textures/morefood/item/toffee_icecream.png",
        "textures/morefood/item/vanilla_icecream.png"
      ]
    },
    "morefood:milkshake": {
      "textures": [
        "textures/morefood/item/banana_milkshake.png",
        "textures/morefood/item/chocolate_milkshake.png",
        "textures/morefood/item/strawberry_milkshake.png"
      ]
    },
    "morefood:soda": {
      "textures": [
        "textures/morefood/item/soda_can_empty.png",
        "textures/morefood/item/apple_soda.png",
        "textures/morefood/item/berry_soda.png",
        "textures/morefood/item/grape_soda.png",
        "textures/morefood/item/lemon_soda.png",
        "textures/morefood/item/orange_soda.png",
        "textures/morefood/item/strawberry_soda.png"
      ]
    },
    "morefood:donut": {
      "textures": [
        "textures/morefood/item/chocolate_donut.png",
        "textures/morefood/item/coffee_donut.png",
        "textures/morefood/item/golden_donut.png",
        "textures/morefood/item/iced_donut.png",
        "textures/morefood/item/pink_ice_donut.png",
        "textures/morefood/item/plain_donut.png",
        "textures/morefood/item/strawberry_donut.png",
        "textures/morefood/item/toffee_donut.png"
      ]
    },
    "morefood:pie": {
      "textures": [
        "textures/morefood/item/apple_pie.png",
        "textures/morefood/item/apple_raspberry_pie.png",
        "textures/morefood/item/berry_pie.png",
        "textures/morefood/item/cheese_pie.png",
        "textures/morefood/item/chicken_pie.png",
        "textures/morefood/item/chocolate_pie.png",
        "textures/morefood/item/golden_apple_pie.png",
        "textures/morefood/item/lemon_pie.png",
        "textures/morefood/item/pie_base.png",
        "textures/morefood/item/plum_pie.png",
        "textures/morefood/item/pork_pie.png",
        "textures/morefood/item/steak_pie.png",
        "textures/morefood/item/strawberry_pie.png",
        "textures/morefood/item/toffee_pie.png",
        "textures/morefood/item/wart_pie.png"
      ]
    },
    "morefood:smoothie": {
      "textures": [
        "textures/morefood/item/banana_smoothie.png",
        "textures/morefood/item/berry_smoothie.png",
        "textures/morefood/item/grape_smoothie.png",
        "textures/morefood/item/mixed_fruit_smoothie.png",
        "textures/morefood/item/raspberry_smoothie.png",
        "textures/morefood/item/strawberry_smoothie.png"
      ]
    },
    "morefood:cake": {
      "textures": [
        "textures/morefood/item/chocolate_cake.png",
        "textures/morefood/item/rainbow_cake.png",
        "textures/morefood/item/redwhiteblue_cake.png"
      ]
    },
    "morefood:hot_drink": {
      "textures": [
        "textures/morefood/item/americano.png",
        "textures/morefood/item/cappuccino.png",
        "textures/morefood/item/hot_cocoa.png",
        "textures/morefood/item/hot_coffee.png",
        "textures/morefood/item/hot_tea.png",
        "textures/morefood/item/macchiato.png",
        "textures/morefood/item/mocha.png",
        "textures/morefood/item/toffee_latte.png",
        "textures/morefood/item/vanilla_latte.png"
      ]
    },
    "morefood:bucket": {
      "textures": [
        "textures/morefood/item/cheese_bucket.png",
        "textures/morefood/item/empty_popcorn_bucket.png",
        "textures/morefood/item/sparkling_water_bucket.png",
        "textures/morefood/item/popcorn_bucket.png"
      ]
    },
    "morefood:chocolate_covered_apple": {
      "textures": [
        "textures/morefood/item/milk_chocolate_covered_apple.png",
        "textures/morefood/item/dark_chocolate_covered_apple.png",
        "textures/morefood/item/white_chocolate_covered_apple.png"
      ]
    },
    "morefood:cut_bread": {
      "textures": [
        "textures/morefood/item/cut_bread.png"
      ]
    },
    "morefood:tortilla": {
      "textures": [
        "textures/morefood/item/tortilla.png"
      ]
    },
    "morefood:spaghetti": {
      "textures": [
        "textures/morefood/item/spaghetti.png"
      ]
    },
    "morefood:cookie": {
      "textures": [
        "textures/morefood/item/nether_cookie.png",
        "textures/morefood/item/ghast_cookie.png"
      ]
    },
    "morefood:almonds": {
      "textures": "textures/morefood/item/almonds.png"
    },
    "morefood:corn_on_cob": {
      "textures": "textures/morefood/item/corn_cob.png"
    },
    "morefood:cooked_chicken_piece": {
      "textures": "textures/morefood/item/cooked_chicken_piece"
    },
    "morefood:cooked_wedges": {
      "textures": "textures/morefood/item/cooked_wedges"
    },
    "morefood:pepper": {
      "textures": "textures/morefood/item/pepper.png"
    },
    "morefood:sparkling_water_bottle": {
      "textures": "textures/morefood/item/sparkling_water_bottle"
    },
    "morefood:chicken_nugget": {
      "textures": "textures/morefood/item/chicken_nugget"
    },
    "morefood:cooked_chicken_nugget": {
      "textures": "textures/morefood/item/cooked_chicken_nugget"
    },
    "morefood:netherite_apple": {
      "textures": "textures/morefood/item/netherite_apple"
    },
    "morefood:cooked_hoglin_meat": {
      "textures": "textures/morefood/item/cooked_hoglin_meat"
    },
    "morefood:fungus_stew": {
      "textures": "textures/morefood/item/fungus_stew"
    },
    "morefood:hoglin_meat": {
      "textures": "textures/morefood/item/hoglin_meat.png"
    },
    "morefood:netherwart_chicken_soup": {
      "textures": "textures/morefood/item/netherwart_chicken_soup"
    },
    "morefood:netherwart_mushroom_soup": {
      "textures": "textures/morefood/item/netherwart_mushroom_soup"
    },
    "morefood:rotten_porkchop": {
      "textures": "textures/morefood/item/rotten_porkchop"
    },
    "morefood:shroomlight_slices": {
      "textures": "textures/morefood/item/shroomlight_slices"
    },
    "morefood:warped_berries": {
      "textures": "textures/morefood/item/warped_berries"
    },
    "morefood:ketchup": {
      "textures": "textures/morefood/item/tomato_ketchup"
    },
    "morefood:sub_wrapper": {
      "textures": "textures/morefood/item/sub_wrapper"
    },
    "morefood:onigiri": {
      "textures": "textures/morefood/item/onigiri"
    },
    "morefood:sashimi": {
      "textures": "textures/morefood/item/sashimi"
    },
    "morefood:bacon": {
      "textures": "textures/morefood/item/bacon"
    },
    "morefood:bacon_egg_muffin": {
      "textures": "textures/morefood/item/bacon_egg_muffin"
    },
    "morefood:bacon_egg_sandwich": {
      "textures": "textures/morefood/item/bacon_egg_sandwich"
    },
    "morefood:bat_meat": {
      "textures": "textures/morefood/item/bat_meat.png"
    },
    "morefood:beef_sub": {
      "textures": "textures/morefood/item/beef_sub"
    },
    "morefood:blue_cupcake": {
      "textures": "textures/morefood/item/blue_cupcake"
    },
    "morefood:bread_loaf": {
      "textures": "textures/morefood/item/bread_loaf"
    },
    "morefood:breakfast_sub": {
      "textures": "textures/morefood/item/breakfast_sub"
    },
    "morefood:burger_bun": {
      "textures": "textures/morefood/item/burger_bun"
    },
    "morefood:burrito": {
      "textures": "textures/morefood/item/burrito"
    },
    "morefood:butter": {
      "textures": "textures/morefood/item/butter"
    },
    "morefood:cereal": {
      "textures": "textures/morefood/item/cereal"
    },
    "morefood:cheese_toastie": {
      "textures": "textures/morefood/item/cheese_toastie"
    },
    "morefood:cheese_wedge": {
      "textures": "textures/morefood/item/cheese_wedge"
    },
    "morefood:chicken_fajita": {
      "textures": "textures/morefood/item/chicken_fajita"
    },
    "morefood:chicken_select": {
      "textures": "textures/morefood/item/chicken_select"
    },
    "morefood:chicken_sub": {
      "textures": "textures/morefood/item/chicken_sub"
    },
    "morefood:coconut_meat": {
      "textures": "textures/morefood/item/coconut_meat"
    },
    "morefood:coconut_milk": {
      "textures": "textures/morefood/item/coconut_milk"
    },
    "morefood:cooked_bacon": {
      "textures": "textures/morefood/item/cooked_bacon"
    },
    "morefood:cooked_bat_meat": {
      "textures": "textures/morefood/item/cooked_bat_meat"
    },
    "morefood:cooked_hotdog_sausage": {
      "textures": "textures/morefood/item/cooked_hotdog_sausage"
    },
    "morefood:cooked_sausage": {
      "textures": "textures/morefood/item/cooked_sausage"
    },
    "morefood:cornflour": {
      "textures": "textures/morefood/item/cornflour"
    },
    "morefood:cream_carton": {
      "textures": "textures/morefood/item/cream_carton"
    },
    "morefood:custard": {
      "textures": "textures/morefood/item/custard"
    },
    "morefood:cut_fries": {
      "textures": "textures/morefood/item/cut_fries"
    },
    "morefood:dark_chocolate": {
      "textures": "textures/morefood/item/dark_chocolate"
    },
    "morefood:dough": {
      "textures": "textures/morefood/item/dough"
    },
    "morefood:flour": {
      "textures": "textures/morefood/item/flour"
    },
    "morefood:fried_egg": {
      "textures": "textures/morefood/item/fried_egg"
    },
    "morefood:fried_squid": {
      "textures": "textures/morefood/item/fried_squid"
    },
    "morefood:fries": {
      "textures": "textures/morefood/item/fries"
    },
    "morefood:gelatin": {
      "textures": "textures/morefood/item/gelatin"
    },
    "morefood:hamburger": {
      "textures": "textures/morefood/item/hamburger"
    },
    "morefood:cooked_hamburger_patty": {
      "textures": "textures/morefood/item/cooked_hamburger_patty"
    },
    "morefood:hops": {
      "textures": "textures/morefood/item/hops.png"
    },
    "morefood:hotdog": {
      "textures": "textures/morefood/item/hotdog"
    },
    "morefood:hotdog_bun": {
      "textures": "textures/morefood/item/hotdog_bun"
    },
    "morefood:hotdog_sausage": {
      "textures": "textures/morefood/item/hotdog_sausage"
    },
    "morefood:jam": {
      "textures": "textures/morefood/item/jam"
    },
    "morefood:jelly_sandwich": {
      "textures": "textures/morefood/item/jelly_sandwich"
    },
    "morefood:kebab": {
      "textures": "textures/morefood/item/kebab"
    },
    "morefood:milk_carton": {
      "textures": "textures/morefood/item/milk_carton"
    },
    "morefood:milk_chocolate": {
      "textures": "textures/morefood/item/milk_chocolate"
    },
    "morefood:muffin_bun": {
      "textures": "textures/morefood/item/muffin_bun"
    },
    "morefood:noodles": {
      "textures": "textures/morefood/item/noodles"
    },
    "morefood:oil": {
      "textures": "textures/morefood/item/oil"
    },
    "morefood:orange_jelly": {
      "textures": "textures/morefood/item/orange_jelly"
    },
    "morefood:pancakes": {
      "textures": "textures/morefood/item/pancakes"
    },
    "morefood:pasta": {
      "textures": "textures/morefood/item/pasta"
    },
    "morefood:pink_cupcake": {
      "textures": "textures/morefood/item/pink_cupcake"
    },
    "morefood:pitta_bread": {
      "textures": "textures/morefood/item/pitta_bread"
    },
    "morefood:pizza": {
      "textures": "textures/morefood/item/pizza"
    },
    "morefood:pizza_base": {
      "textures": "textures/morefood/item/pizza_base"
    },
    "morefood:pizza_slice": {
      "textures": "textures/morefood/item/pizza_slice"
    },
    "morefood:popcorn": {
      "textures": "textures/morefood/item/popcorn"
    },
    "morefood:ramen_noodles": {
      "textures": "textures/morefood/item/ramen_noodles"
    },
    "morefood:hamburger_patty": {
      "textures": "textures/morefood/item/hamburger_patty"
    },
    "morefood:sausage": {
      "textures": "textures/morefood/item/sausage"
    },
    "morefood:squid": {
      "textures": "textures/morefood/item/squid.png"
    },
    "morefood:veganburger_patty": {
      "textures": "textures/morefood/item/veganburger_patty"
    },
    "morefood:wedges": {
      "textures": "textures/morefood/item/wedges"
    },
    "morefood:rice": {
      "textures": "textures/morefood/item/rice.png"
    },
    "morefood:rice_pudding": {
      "textures": "textures/morefood/item/rice_pudding"
    },
    "morefood:round_cheese": {
      "textures": "textures/morefood/item/round_cheese"
    },
    "morefood:salt": {
      "textures": "textures/morefood/item/salt"
    },
    "morefood:sausage_egg_muffin": {
      "textures": "textures/morefood/item/sausage_egg_muffin"
    },
    "morefood:sausage_egg_sandwich": {
      "textures": "textures/morefood/item/sausage_egg_sandwich"
    },
    "morefood:strawberry_jelly": {
      "textures": "textures/morefood/item/strawberry_jelly"
    },
    "morefood:sub_bun": {
      "textures": "textures/morefood/item/sub_bun"
    },
    "morefood:sushi": {
      "textures": "textures/morefood/item/sushi"
    },
    "morefood:taco": {
      "textures": "textures/morefood/item/taco"
    },
    "morefood:tea_leaves": {
      "textures": "textures/morefood/item/tea_leaves.png"
    },
    "morefood:toast": {
      "textures": "textures/morefood/item/toast"
    },
    "morefood:toffee": {
      "textures": "textures/morefood/item/toffee"
    },
    "morefood:tomato_puree": {
      "textures": "textures/morefood/item/tomato_puree"
    },
    "morefood:turkish_delight": {
      "textures": "textures/morefood/item/turkish_delight"
    },
    "morefood:vanilla_extract": {
      "textures": "textures/morefood/item/vanilla_extract"
    },
    "morefood:vanilla_pod": {
      "textures": "textures/morefood/item/vanilla_pod.png"
    },
    "morefood:veganburger": {
      "textures": "textures/morefood/item/veganburger"
    },
    "morefood:cooked_veganburger_patty": {
      "textures": "textures/morefood/item/cooked_veganburger_patty"
    },
    "morefood:waffle": {
      "textures": "textures/morefood/item/waffle"
    },
    "morefood:wedges_pot": {
      "textures": "textures/morefood/item/wedges_pot"
    },
    "morefood:white_chocolate": {
      "textures": "textures/morefood/item/white_chocolate"
    },
    "morefood:yeast": {
      "textures": "textures/morefood/item/yeast"
    },
    "morefood:beer": {
      "textures": "textures/morefood/item/beer"
    },
    "morefood:bottled_beer": {
      "textures": "textures/morefood/item/bottled_beer"
    },
    "morefood:bottled_cider": {
      "textures": "textures/morefood/item/bottled_cider"
    },
    "morefood:bottled_red_wine": {
      "textures": "textures/morefood/item/bottled_red_wine"
    },
    "morefood:bottled_white_wine": {
      "textures": "textures/morefood/item/bottled_white_wine"
    },
    "morefood:cider": {
      "textures": "textures/morefood/item/cider"
    },
    "morefood:red_wine": {
      "textures": "textures/morefood/item/red_wine"
    },
    "morefood:white_wine": {
      "textures": "textures/morefood/item/white_wine"
    },
    "morefood:banana": {
      "textures": "textures/morefood/item/banana.png"
    },
    "morefood:grape": {
      "textures": "textures/morefood/item/grape.png"
    },
    "morefood:lemon": {
      "textures": "textures/morefood/item/lemon.png"
    },
    "morefood:olives": {
      "textures": "textures/morefood/item/olives.png"
    },
    "morefood:orange": {
      "textures": "textures/morefood/item/orange.png"
    },
    "morefood:plum": {
      "textures": "textures/morefood/item/plum.png"
    },
    "morefood:raspberry": {
      "textures": "textures/morefood/item/raspberry.png"
    },
    "morefood:strawberry": {
      "textures": "textures/morefood/item/strawberry.png"
    },
    "morefood:tomato": {
      "textures": "textures/morefood/item/tomato.png"
    },
    "morefood:gherkin": {
      "textures": "textures/morefood/item/gherkin.png"
    },
    "morefood:lettuce": {
      "textures": "textures/morefood/item/lettuce.png"
    },
    "morefood:onion": {
      "textures": "textures/morefood/item/onion.png"
    },
    "morefood:pickles": {
      "textures": "textures/morefood/item/pickles"
    },
    "morefood:beer_glass": {
      "textures": "textures/morefood/item/beer_glass"
    },
    "morefood:beverage_cup": {
      "textures": "textures/morefood/item/beverage_cup"
    },
    "morefood:bottle": {
      "textures": "textures/morefood/item/bottle"
    },
    "morefood:carton": {
      "textures": "textures/morefood/item/carton"
    },
    "morefood:chicken_select_box": {
      "textures": "textures/morefood/item/chicken_select_box"
    },
    "morefood:empty_icecrush_glass": {
      "textures": "textures/morefood/item/empty_icecrush_glass"
    },
    "morefood:empty_tumbler_glass": {
      "textures": "textures/morefood/item/empty_tumbler_glass"
    },
    "morefood:empty_wedges_pot": {
      "textures": "textures/morefood/item/empty_wedges_pot"
    },
    "morefood:fry_wrapper": {
      "textures": "textures/morefood/item/fry_wrapper"
    },
    "morefood:hot_beverage_cup": {
      "textures": "textures/morefood/item/hot_beverage_cup"
    },
    "morefood:icing": {
      "textures": "textures/morefood/item/icing"
    },
    "morefood:jar": {
      "textures": "textures/morefood/item/jar"
    },
    "morefood:pizza_box_opened": {
      "textures": "textures/morefood/item/pizza_box_opened"
    },
    "morefood:recipe_book": {
      "textures": "textures/morefood/item/recipe_book"
    },
    "morefood:starch": {
      "textures": "textures/morefood/item/starch"
    },
    "morefood:wine_glass": {
      "textures": "textures/morefood/item/wine_glass"
    },
    "morefood:coconut": {
      "textures": "textures/morefood/item/coconut"
    },
    "morefood:coffee_beans": {
      "textures": "textures/morefood/item/coffee_beans"
    },
    "morefood:corn": {
      "textures": "textures/morefood/item/corn"
    },
    "morefood:exotic_trader_spawn_egg": {
      "textures": "textures/morefood/item/exotic_trader_spawn_egg"
    },
    "morefood:wooden_spoon": {
      "textures": "textures/items/wood_shovel"
    },
    "morefood:candy": {
      "textures": [
        "textures/morefood/item/black_candy",
        "textures/morefood/item/blue_candy",
        "textures/morefood/item/brown_candy",
        "textures/morefood/item/cyan_candy",
        "textures/morefood/item/gray_candy",
        "textures/morefood/item/green_candy",
        "textures/morefood/item/light_blue_candy",
        "textures/morefood/item/light_gray_candy",
        "textures/morefood/item/lime_candy",
        "textures/morefood/item/magenta_candy",
        "textures/morefood/item/orange_candy",
        "textures/morefood/item/pink_candy",
        "textures/morefood/item/purple_candy",
        "textures/morefood/item/red_candy",
        "textures/morefood/item/white_candy",
        "textures/morefood/item/yellow_candy"
      ]
    },
    "morefood:large_pumpkin_pale": {
      "textures": [
        "textures/morefood/item/empty_large_pumpkin_pale",
        "textures/morefood/item/large_pumpkin_pale1",
        "textures/morefood/item/large_pumpkin_pale2",
        "textures/morefood/item/large_pumpkin_pale3",
        "textures/morefood/item/large_pumpkin_pale4",
        "textures/morefood/item/large_pumpkin_pale5"
      ]
    },
    "morefood:small_pumpkin_pale": {
      "textures": [
        "textures/morefood/item/empty_small_pumpkin_pale",
        "textures/morefood/item/small_pumpkin_pale1",
        "textures/morefood/item/small_pumpkin_pale2",
        "textures/morefood/item/small_pumpkin_pale3"
      ]
    },
    "morefood:candy_corn": {
      "textures": "textures/morefood/item/candy_corn"
    },
    "morefood:candy_corn_bowl": {
      "textures": "textures/morefood/item/candy_corn_bowl"
    },
    "morefood:cooked_pumpkin_seeds": {
      "textures": "textures/morefood/item/cooked_pumpkin_seeds"
    },
    "morefood:cooked_salted_pumpkin_seeds": {
      "textures": "textures/morefood/item/cooked_salted_pumpkin_seeds"
    }
  }
}