{
	"format_version": "1.16.100",
	"minecraft:item": {
		"description": {
			"identifier": "heavy:exposed_copper_hoe",
			"category": "commands"
		},
		"components": {
			"minecraft:repairable": {
				"repair_items": [
					{
						"items": [
							"minecraft:copper_ingot"
						],
						"repair_amount": 30
					},
					{
						"items": [
						  "heavy:exposed_copper_hoe"
						],
						"repair_amount": "context.other->query.remaining_durability + 0.05 * context.other->query.max_durability"
					}
				]
			},
			"minecraft:max_stack_size": 1,
			"minecraft:hand_equipped": true,
			"minecraft:mining_speed": 1,
			"minecraft:damage": 4,
			"minecraft:enchantable": {
				"value": 6,
				"slot": "hoe"
			},
			"minecraft:digger": {
				"use_efficiency": true,
				"destroy_speeds": [
					{
						"block": "minecraft:mangrove_leaves",
						"speed": 10,
						"on_dig": {
							"event": "break_blocks"
						}
					},
					{
						"block": "minecraft:moss_block",
						"speed": 10,
						"on_dig": {
							"event": "break_blocks"
						}
					},
					{
						"block": "minecraft:leaves",
						"speed": 10,
						"on_dig": {
							"event": "break_blocks"
						}
					},
					{
						"block": "minecraft:shroomlight",
						"speed": 10,
						"on_dig": {
							"event": "break_blocks"
						}
					},
					{
						"block": "minecraft:sponge",
						"speed": 10,
						"on_dig": {
							"event": "break_blocks"
						}
					},
					{
						"block": "minecraft:target",
						"speed": 10,
						"on_dig": {
							"event": "break_blocks"
						}
					},
					{
						"block": "minecraft:hay_block",
						"speed": 10,
						"on_dig": {
							"event": "break_blocks"
						}
					},
					{
						"block": "minecraft:leaves2",
						"speed": 10,
						"on_dig": {
							"event": "break_blocks"
						}
					},
					{
						"block": "minecraft:warped_wart_block",
						"speed": 10,
						"on_dig": {
							"event": "break_blocks"
						}
					},
					{
						"block": "minecraft:nether_wart_block",
						"speed": 10,
						"on_dig": {
							"event": "break_blocks"
						}
					},
					{
						"block": "minecraft:sculk",
						"speed": 10,
						"on_dig": {
							"event": "break_blocks"
						}
					},
					{
						"block": "minecraft:sculk_catalyst",
						"speed": 10,
						"on_dig": {
							"event": "break_blocks"
						}
					},
					{
						"block": "minecraft:sculk_shrieker",
						"speed": 10,
						"on_dig": {
							"event": "break_blocks"
						}
					},
					{
						"block": "minecraft:sculk_vein",
						"speed": 10,
						"on_dig": {
							"event": "break_blocks"
						}
					},
					{
						"block": "minecraft:sculk_sensor",
						"speed": 10,
						"on_dig": {
							"event": "break_blocks"
						}
					},
					{
						"block": "minecraft:dried_kelp_block",
						"speed": 10,
						"on_dig": {
							"event": "break_blocks"
						}
					}
				],
				"on_dig": {
					"event": "minecraft:break",
					"target": "self"
				}
			},
			"minecraft:display_name": {},
			"minecraft:durability": {
				"max_durability": 175
			},
			"minecraft:creative_category": {
				"parent": "itemGroup.name.hoe"
			},
			"minecraft:icon": {
				"texture": "exposed_copper_hoe"
			},
			"minecraft:weapon": {
				"on_hurt_entity": {
					"event": "minecraft:break"
				}
			},
			"minecraft:use_on": {
				"blocks": [
					"grass",
					"dirt",
					"grass_path"
				]
			},
			"tag:minecraft:is_hoe": {}
		},
		"events": {
			"minecraft:break": {
				"randomize":[
				   {
					   "weight":1,
					   "condition": "query.remaining_durability < 120",
					   "transform_item": {
						 "transform": "heavy:weathered_copper_hoe"
					   },
					   "damage": {
						   "type": "durability",
						   "amount": 1
					   }
				   },
				   {
					   "weight":75,
					   "damage": {
						   "type": "durability",
						   "amount": 1
					   }
				   }
			   ]
			},
			"on_tool_used": {
				"swing": {
					},
				"damage": {
				"type": "durability",
				"amount": 1
				},
				"run_command": {
                    "command": [
                        "playsound step.gravel @a ~~~"		
                    ]
                }
			}
		}
	}
}