{
	"format_version": "1.20.10",
	"minecraft:recipe_shapeless": {
	  "description": {
		"identifier": "deathnerite_pickaxe"
	  },
  
  
	  "tags": [ "crafting_table" ],
	  "ingredients": [
		{
		  "item": "minecraft:netherite_pickaxe"
		},
		{
		  "item": "true:deathnerite_upgrade_smithing_template"
		}
	  ],
	  "unlock": [
		{
			"item": "minecraft:netherite_pickaxe"
		},
		{
			"item": "true:deathnerite_upgrade_smithing_template"
		}
	  ],
	  "result": {
		"item": "heavy:deathnerite_pickaxe"
	  }
	}
	
  }
  