{
  "credit": "Thanks to Legopitstop for creating this useful resource. https://legopitstop.weebly.com/media.html",
  "format_version": "1.16.100",
  "minecraft:item": {
    "description": {
      "identifier": "morefood:beer",
      "category": "Equipment"
    },
    "components": {
      "minecraft:creative_category": {
        "parent": "itemGroup.name.miscFood"
      },
      "minecraft:icon": {
        "texture": "morefood:beer"
      },
      "minecraft:use_animation": "drink",
      "minecraft:use_duration": 1.61,
      "minecraft:max_stack_size": 16,
      "minecraft:food": {
        "nutrition": 1,
        "saturation_modifier": "poor",
        "using_converts_to": "morefood:beer_glass",
        "on_consume": {
          "event": "effects"
        }
      }
    },
    "events": {
      "effects": {
        "sequence": [
          {
            "add_mob_effect": {
              "amplifier": 20,
              "duration": 20,
              "effect": "speed",
              "target": "self"
            }
          },
          {
            "add_mob_effect": {
              "amplifier": 1,
              "duration": 15,
              "effect": "nausea",
              "target": "self"
            }
          },
          {
            "add_mob_effect": {
              "amplifier": 2,
              "duration": 15,
              "effect": "blindness",
              "target": "self"
            }
          }
        ]
      }
    }
  }
}