{
  "credit": "Thanks to Legopitstop for creating this useful resource. https://legopitstop.weebly.com/media.html",
  "format_version": "1.16.100",
  "minecraft:item": {
    "description": {
      "identifier": "morefood:cream_carton",
      "category": "Equipment"
    },
    "components": {
      "minecraft:creative_category": {
        "parent": "itemGroup.name.miscFood"
      },
      "minecraft:icon": {
        "texture": "morefood:cream_carton"
      },
      "minecraft:use_animation": "drink",
      "minecraft:use_duration": 1.61,
      "minecraft:max_stack_size": 16,
      "minecraft:food": {
        "nutrition": 4,
        "saturation_modifier": "low",
        "using_converts_to": "morefood:carton"
      }
    }
  }
}