{
	"format_version": "1.16.100",
	"minecraft:item": {
		"description": {
			"identifier": "heavy:thunder_sword",
			"category": "equipment"
		},
		"components": {
			"tag:minecraft:is_sword": {},
			"minecraft:can_destroy_in_creative": false,
			"minecraft:max_stack_size": 1,
			"minecraft:hand_equipped": true,
			"minecraft:mining_speed": 1.5,
			"minecraft:damage": 5,
			"minecraft:enchantable": {
				"value": 6,
				"slot": "sword"
			},
			"minecraft:digger": {
				"use_efficiency": true,
				"destroy_speeds": [
					{
						"block": "minecraft:web",
						"speed": 15,
						"on_dig": {
							"event": "minecraft:break"
						}
					},
					{
						"block": "minecraft:bamboo",
						"speed": 35,
						"on_dig": {
							"event": "minecraft:break"
						}
					},
					{
						"block": "minecraft:melon_block",
						"speed": 1,
						"on_dig": {
							"event": "minecraft:break"
						}
					},
					{
						"block": "minecraft:pumpkin",
						"speed": 1,
						"on_dig": {
							"event": "minecraft:break"
						}
					},
					{
						"block": "minecraft:cocoa",
						"speed": 1,
						"on_dig": {
							"event": "minecraft:break"
						}
					},
					{
						"block": "minecraft:lit_pumpkin",
						"speed": 1,
						"on_dig": {
							"event": "minecraft:break"
						}
					},
					{
						"block": "minecraft:leaves",
						"speed": 1,
						"on_dig": {
							"event": "minecraft:break"
						}
					},
					{
						"block": "minecraft:vine",
						"speed": 1,
						"on_dig": {
							"event": "minecraft:break"
						}
					},
					{
						"block": "minecraft:hay_block",
						"speed": 1,
						"on_dig": {
							"event": "minecraft:break"
						}
					}
				],
				"on_dig": {
					"event": "minecraft:break",
					"target": "self"
				}
			},
			"minecraft:display_name": {},
			"minecraft:durability": {
				"max_durability": 251
			},
			"minecraft:creative_category": {
				"parent": "itemGroup.name.sword"
			},
			"minecraft:icon": {
				"texture": "thunder_sword"
			},
			"minecraft:weapon": {
				"on_hurt_entity": {
					"event": "thunder_attack"
				}
			},
            "minecraft:on_use": {
                "on_use": {
                "event": "thunder"
                    }
              }
		},
		"events": {
			"minecraft:break": {
				"damage": {
					"type": "durability",
					"amount": 2
				}
			},
			"thunder_attack": {
				"sequence": [
                    {
						"run_command": {
							"command": [
								"execute @p ~ ~ ~ summon lightning_bolt ^ ^ ^5"
							]
						},
						"damage": {
							"type": "durability",
							"amount": 1
						}
                    }
                ]
			}
		}
	}
}