{
    "\u0066\u006F\u0072\u006D\u0061\u0074\u005F\u0076\u0065\u0072\u0073\u0069\u006F\u006E": "\u0031\u002E\u0038\u002E\u0030",
    "\u0072\u0065\u006E\u0064\u0065\u0072\u005F\u0063\u006F\u006E\u0074\u0072\u006F\u006C\u006C\u0065\u0072\u0073": {
        "\u0063\u006F\u006E\u0074\u0072\u006F\u006C\u006C\u0065\u0072\u002E\u0072\u0065\u006E\u0064\u0065\u0072\u002E\u006C\u006F\u0063\u0061\u0074\u006F\u0072": {
            "\u0067\u0065\u006F\u006D\u0065\u0074\u0072\u0079": "\u0047\u0065\u006F\u006D\u0065\u0074\u0072\u0079\u002E\u0064\u0065\u0066\u0061\u0075\u006C\u0074",
            "\u006D\u0061\u0074\u0065\u0072\u0069\u0061\u006C\u0073": [{
                "\u002A": "\u004D\u0061\u0074\u0065\u0072\u0069\u0061\u006C\u002E\u0064\u0065\u0066\u0061\u0075\u006C\u0074"
            }],
            "\u0074\u0065\u0078\u0074\u0075\u0072\u0065\u0073": ["\u0054\u0065\u0078\u0074\u0075\u0072\u0065\u002E\u006E\u0070\u0063\u005F\u0031"]
        },
        "\u0063\u006F\u006E\u0074\u0072\u006F\u006C\u006C\u0065\u0072\u002E\u0072\u0065\u006E\u0064\u0065\u0072\u002E\u006E\u0070\u0063\u005F\u006D\u006F\u0064\u0065\u006C": {
            "\u0061\u0072\u0072\u0061\u0079\u0073": {
                "\u0067\u0065\u006F\u006D\u0065\u0074\u0072\u0069\u0065\u0073": {
                    "Array.geos": ["Geometry.narrow", "Geometry.wide"]
                },
                "\u0074\u0065\u0078\u0074\u0075\u0072\u0065\u0073": {
                    "Array.skins": ["Texture.npc_1", "Texture.npc_2", "Texture.npc_3", "Texture.npc_4", "Texture.npc_5", "Texture.npc_6", "Texture.npc_7", "Texture.npc_8", "Texture.npc_9", "Texture.npc_10", "Texture.npc_scientist_1", "Texture.npc_scientist_2", "Texture.npc_scientist_3", "Texture.npc_scientist_4", "Texture.npc_scientist_5", "Texture.npc_scientist_6", "Texture.npc_scientist_7", "Texture.npc_scientist_8", "Texture.npc_scientist_9", "Texture.npc_scientist_10", "Texture.npc_apiary_1", "Texture.npc_apiary_2", "Texture.npc_apiary_3", "Texture.npc_apiary_4", "Texture.npc_apiary_5", "Texture.npc_teacher_1", "Texture.npc_teacher_2", "Texture.npc_teacher_3", "Texture.npc_teacher_4", "Texture.npc_teacher_5", "Texture.npc_construction_1", "Texture.npc_construction_2", "Texture.npc_construction_3", "Texture.npc_construction_4", "Texture.npc_construction_5", "Texture.npc_Agriculture_1", "Texture.npc_Agriculture_2", "Texture.npc_Agriculture_3", "Texture.npc_Agriculture_4", "Texture.npc_Agriculture_5", "Texture.npc_Agriculture_6", "Texture.npc_Agriculture_7", "Texture.npc_Agriculture_8", "Texture.npc_Agriculture_9", "Texture.npc_Agriculture_10", "Texture.npc_BusinessMobs_1", "Texture.npc_BusinessMobs_2", "Texture.npc_BusinessMobs_3", "Texture.npc_BusinessMobs_4", "Texture.npc_BusinessMobs_5", "Texture.npc_EverydayBusiness_1", "Texture.npc_EverydayBusiness_2", "Texture.npc_EverydayBusiness_3", "Texture.npc_EverydayBusiness_4", "Texture.npc_EverydayBusiness_5", "Texture.npc_Kiosk_1", "Texture.npc_Kiosk_2", "Texture.npc_Kiosk_3", "Texture.npc_Kiosk_4", "Texture.npc_Kiosk_5"]
                }
            },
            "\u0067\u0065\u006f\u006d\u0065\u0074\u0072\u0079": "Array.geos[query.variant]",
            "\u006d\u0061\u0074\u0065\u0072\u0069\u0061\u006c\u0073": [{
                "\u002a": "Material.default"
            }],
            "\u0074\u0065\u0078\u0074\u0075\u0072\u0065\u0073": ["Array.skins[query.variant]"]
        }
    }
}
// \u0062\u0079 \u0041\u006e\u0064\u0069\u0075\u0062\u0065\u0072 \u00a9\u0054\u0045\u0041\u004d \u0043\u0055\u0042\u0049\u0054\u004f\u0053 \u004d\u0043 //