{
  "credit": "Thanks to Legopitstop for creating this useful resource. https://legopitstop.weebly.com/media.html",
  "format_version": "1.16.100",
  "minecraft:item": {
    "description": {
      "identifier": "morefood:creative_hunger",
      "category": "Equipment"
    },
    "components": {
      "minecraft:creative_category": {
        "parent": "itemGroup.name.miscFood"
      },
      "minecraft:icon": {
        "texture": "paper"
      },
      "minecraft:use_animation": "eat",
      "minecraft:use_duration": 0.1,
      "minecraft:food": {
        "nutrition": 0,
        "saturation_modifier": "poor",
        "can_always_eat": true,
        "on_consume": {
          "event": "effects"
        }
      }
    },
    "events": {
      "effects": {
        "add_mob_effect": {
          "amplifier": 0,
          "duration": 30,
          "effect": "hunger",
          "target": "self"
        }
      }
    }
  }
}