{
  "credit": "Thanks to Legopitstop for creating this useful resource. https://legopitstop.weebly.com/media.html",
  "format_version": "1.16.100",
  "minecraft:item": {
    "description": {
      "identifier": "morefood:rotten_porkchop",
      "category": "Equipment"
    },
    "components": {
      "minecraft:creative_category": {
        "parent": "itemGroup.name.miscFood"
      },
      "minecraft:icon": {
        "texture": "morefood:rotten_porkchop"
      },
      "minecraft:use_animation": "eat",
      "minecraft:use_duration": 1.61,
      "minecraft:food": {
        "nutrition": 4,
        "saturation_modifier": "poor",
        "effects": [
          {
            "name": "hunger",
            "chance": 0.8,
            "duration": 30,
            "amplifier": 0
          }
        ]
      }
    }
  }
}