{
  "credit": "Thanks to Legopitstop for creating this useful resource. https://legopitstop.weebly.com/media.html",
  "format_version": "1.16.100",
  "minecraft:item": {
    "description": {
      "identifier": "morefood:sausage_egg_sandwich",
      "category": "Equipment"
    },
    "components": {
      "minecraft:creative_category": {
        "parent": "itemGroup.name.miscFood"
      },
      "minecraft:icon": {
        "texture": "morefood:sausage_egg_sandwich"
      },
      "minecraft:use_animation": "eat",
      "minecraft:use_duration": 1.61,
      "minecraft:food": {
        "nutrition": 6,
        "saturation_modifier": "supernatural"
      }
    }
  }
}