{
  "credit": "Thanks to Legopitstop for creating this useful resource. https://legopitstop.weebly.com/media.html",
  "format_version": "1.16.100",
  "minecraft:item": {
    "description": {
      "identifier": "morefood:vanilla_latte",
      "category": "Equipment"
    },
    "components": {
      "minecraft:creative_category": {
        "parent": "itemGroup.name.miscFood"
      },
      "minecraft:icon": {
        "texture": "morefood:hot_drink",
        "frame": 8
      },
      "minecraft:use_animation": "eat",
      "minecraft:use_duration": 1.61,
      "minecraft:max_stack_size": 1,
      "minecraft:food": {
        "nutrition": 6,
        "saturation_modifier": "normal",
        "using_converts_to": "morefood:hot_beverage_cup"
      }
    }
  }
}