{
	"format_version": "1.12.0",
	"minecraft:geometry": [
		{
			"description": {
				"identifier": "geometry.lightning_attracts",
				"texture_width": 32,
				"texture_height": 32,
				"visible_bounds_width": 2,
				"visible_bounds_height": 2.5,
				"visible_bounds_offset": [0, 0.75, 0]
			},
			"bones": [
				{
					"name": "bb_main",
					"pivot": [0, 0, 0],
					"cubes": [
						{"origin": [-1, 0, -1], "size": [2, 12, 2], "uv": [0, 8]},
						{"origin": [-2, 12, -2], "size": [4, 4, 4], "uv": [0, 0]},
						{"origin": [-2, 4, -2], "size": [4, 1, 4], "uv": [8, 8]},
						{"origin": [-2, 7, -2], "size": [4, 1, 4], "uv": [8, 8]},
						{"origin": [-2, 10, -2], "size": [4, 1, 4], "uv": [8, 8]}
					]
				}
			]
		}
	]
}