{
	"format_version": "1.12.0",
	"minecraft:geometry": [
		{
			"description": {
				"identifier": "geometry.player.thunder_sword",
				"texture_width": 32,
				"texture_height": 32,
				"visible_bounds_width": 4,
				"visible_bounds_height": 3.5,
				"visible_bounds_offset": [0, 1.25, 0]
			},
			"bones": [
				{
					"name": "rightitem",
					"pivot": [-6, 15, 0],
					"rotation": [90, -15, -90],
					"cubes": [
						{
							"origin": [-6.4112, 14.40373, -0.6832],
							"size": [1.3664, 6.1264, 1.3664],
							"inflate": -0.01,
							"uv": {
								"north": {"uv": [16, 0], "uv_size": [1.5, 6]},
								"east": {"uv": [16, 6], "uv_size": [1.5, 6]},
								"south": {"uv": [8, 16], "uv_size": [1.5, 6]},
								"west": {"uv": [10, 16], "uv_size": [1.5, 6]},
								"up": {"uv": [4, 20], "uv_size": [1.5, 1.5]},
								"down": {"uv": [6, 21.5], "uv_size": [1.5, -1.5]}
							}
						},
						{
							"origin": [-6.4112, 21.40373, -0.6832],
							"size": [1.3664, 11.1264, 1.3664],
							"inflate": -0.01,
							"uv": {
								"north": {"uv": [0, 0], "uv_size": [1.5, 11]},
								"east": {"uv": [2, 0], "uv_size": [1.5, 11]},
								"south": {"uv": [4, 0], "uv_size": [1.5, 11]},
								"west": {"uv": [6, 0], "uv_size": [1.5, 11]},
								"up": {"uv": [12, 21], "uv_size": [1.5, 1.5]},
								"down": {"uv": [21, 13.5], "uv_size": [1.5, -1.5]}
							}
						},
						{
							"origin": [-7.75, 29, -2],
							"size": [4, 1, 4],
							"inflate": -0.01,
							"uv": {
								"north": {"uv": [18, 4], "uv_size": [4, 1]},
								"east": {"uv": [18, 5], "uv_size": [4, 1]},
								"south": {"uv": [18, 6], "uv_size": [4, 1]},
								"west": {"uv": [18, 7], "uv_size": [4, 1]},
								"up": {"uv": [8, 0], "uv_size": [4, 4]},
								"down": {"uv": [8, 8], "uv_size": [4, -4]}
							}
						},
						{
							"origin": [-7.75, 26, -2],
							"size": [4, 1, 4],
							"inflate": -0.01,
							"uv": {
								"north": {"uv": [18, 8], "uv_size": [4, 1]},
								"east": {"uv": [18, 9], "uv_size": [4, 1]},
								"south": {"uv": [18, 10], "uv_size": [4, 1]},
								"west": {"uv": [18, 11], "uv_size": [4, 1]},
								"up": {"uv": [12, 8], "uv_size": [4, 4]},
								"down": {"uv": [12, 16], "uv_size": [4, -4]}
							}
						},
						{
							"origin": [-7.75, 23, -2],
							"size": [4, 1, 4],
							"inflate": -0.01,
							"uv": {
								"north": {"uv": [12, 18], "uv_size": [4, 1]},
								"east": {"uv": [16, 18], "uv_size": [4, 1]},
								"south": {"uv": [0, 19], "uv_size": [4, 1]},
								"west": {"uv": [4, 19], "uv_size": [4, 1]},
								"up": {"uv": [0, 15], "uv_size": [4, 4]},
								"down": {"uv": [4, 19], "uv_size": [4, -4]}
							}
						},
						{
							"origin": [-7.75, 32, -2],
							"size": [4, 4, 4],
							"inflate": -0.01,
							"uv": {
								"north": {"uv": [8, 8], "uv_size": [4, 4]},
								"east": {"uv": [0, 11], "uv_size": [4, 4]},
								"south": {"uv": [4, 11], "uv_size": [4, 4]},
								"west": {"uv": [12, 0], "uv_size": [4, 4]},
								"up": {"uv": [12, 4], "uv_size": [4, 4]},
								"down": {"uv": [8, 16], "uv_size": [4, -4]}
							}
						},
						{
							"origin": [-8.04, 20.52693, -0.68],
							"size": [4.76, 1.36, 1.36],
							"uv": {
								"north": {"uv": [12, 16], "uv_size": [5, 1.5]},
								"east": {"uv": [20, 18], "uv_size": [1.5, 1.5]},
								"south": {"uv": [16, 12], "uv_size": [5, 1.5]},
								"west": {"uv": [20, 20], "uv_size": [1.5, 1.5]},
								"up": {"uv": [16, 14], "uv_size": [5, 1.5]},
								"down": {"uv": [17, 17.5], "uv_size": [5, -1.5]}
							}
						},
						{
							"origin": [-10.08, 21.20693, -0.68],
							"size": [2.04, 0.68, 1.36],
							"uv": {
								"north": {"uv": [14, 21], "uv_size": [2, 0.5]},
								"east": {"uv": [18, 21], "uv_size": [1.5, 0.5]},
								"south": {"uv": [21, 14], "uv_size": [2, 0.5]},
								"west": {"uv": [0, 22], "uv_size": [1.5, 0.5]},
								"up": {"uv": [12, 19], "uv_size": [2, 1.5]},
								"down": {"uv": [14, 20.5], "uv_size": [2, -1.5]}
							}
						},
						{
							"origin": [-3.28, 21.20693, -0.68],
							"size": [2.04, 0.68, 1.36],
							"uv": {
								"north": {"uv": [21, 15], "uv_size": [2, 0.5]},
								"east": {"uv": [22, 0], "uv_size": [1.5, 0.5]},
								"south": {"uv": [16, 21], "uv_size": [2, 0.5]},
								"west": {"uv": [22, 1], "uv_size": [1.5, 0.5]},
								"up": {"uv": [16, 19], "uv_size": [2, 1.5]},
								"down": {"uv": [18, 20.5], "uv_size": [2, -1.5]}
							}
						},
						{
							"origin": [-6.816, 13.04693, -0.68],
							"size": [2.04, 2.04, 1.36],
							"pivot": [-5.796, 14.06693, 0],
							"rotation": [0, 0, 50],
							"uv": {
								"north": {"uv": [18, 0], "uv_size": [2, 2]},
								"east": {"uv": [0, 20], "uv_size": [1.5, 2]},
								"south": {"uv": [18, 2], "uv_size": [2, 2]},
								"west": {"uv": [20, 0], "uv_size": [1.5, 2]},
								"up": {"uv": [2, 20], "uv_size": [2, 1.5]},
								"down": {"uv": [20, 3.5], "uv_size": [2, -1.5]}
							}
						}
					]
				}
			]
		}
	]
}