{
	"format_version": "1.8.0",
	"animations": {
		"animation.player.sneaking": {
			"loop": true,
			"animation_length": 3,
			"bones": {
				"head": {
					"rotation": {
						"0.0": [0, 0, 0],
						"0.48": [0, 0, 0],
						"0.6": [-2.5, 0, 0],
						"0.72": [0, 0, 0],
						"1.08": [2.5, 0, 0],
						"1.52": [0, 20, 0],
						"1.64": [0, 22.5, 0],
						"2.16": [0, -20, 0],
						"2.44": [0, 0, 0]
					}
				},
				"rightArm": {
					"rotation": {
						"0.0": [0, 0, 0],
						"0.52": [0, 0, 90],
						"2.2": [0, 0, 90],
						"2.6": [0, 0, 0]
					},
					"position": {
						"0.0": [0, 0, 0],
						"0.52": [-1, -1, 0],
						"2.2": [-1, -1, 0],
						"2.6": [0, 0, 0]
					}
				},
				"leftArm": {
					"rotation": {
						"0.0": [0, 0, 0],
						"0.52": [0, 0, -90],
						"2.2": [0, 0, -90],
						"2.6": [0, 0, 0]
					},
					"position": {
						"0.0": [0, 0, 0],
						"0.52": [1, -1, 0],
						"2.2": [1, -1, 0],
						"2.6": [0, 0, 0]
					}
				}
			}
		}
	}
}