{
	"format_version": "1.17.30",
	"minecraft:item": {
		"description": {
			"identifier": "heavy:deathnerite_shovel",
			"category": "equipment"
		},
		"components": {
			"tag:minecraft:transformable_items": {},
			"minecraft:max_stack_size": 1,
			"minecraft:hand_equipped": true,
			"minecraft:mining_speed": 1,
			"minecraft:damage": 6,
			"minecraft:enchantable": {
				"value": 25,
				"slot": "shovel"
			},
			"tag:minecraft:is_shovel": {},
			"minecraft:digger": {
				"use_efficiency": true,
				"destroy_speeds": [
					{
						"block": {
							"tags": "q.any_tag('dirt', 'sand', 'gravel', 'grass', 'snow')"
						},
						"speed": 16,
						"on_dig": {
							"event": "break_blocks"
						}
					},
					{
						"block": "minecraft:grass_path",
						"speed": 16,
						"on_dig": {
							"event": "break_blocks"
						}
					},
					{
						"block": "minecraft:soul_sand",
						"speed": 16,
						"on_dig": {
							"event": "break_blocks"
						}
					},
					{
						"block": "minecraft:soul_soil",
						"speed": 16,
						"on_dig": {
							"event": "break_blocks"
						}
					},
					{
						"block": "minecraft:mud",
						"speed": 16,
						"on_dig": {
							"event": "break_blocks"
						}
					},
					{
						"block": "minecraft:dirt_with_roots",
						"speed": 16,
						"on_dig": {
							"event": "break_blocks"
						}
					},
					{
						"block": "minecraft:muddy_mangrove_roots",
						"speed": 16,
						"on_dig": {
							"event": "break_blocks"
						}
					},
					{
						"block": "minecraft:farmland",
						"speed": 16,
						"on_dig": {
							"event": "break_blocks"
						}
					},
					{
						"block": "minecraft:snow",
						"speed": 16,
						"on_dig": {
							"event": "break_blocks"
						}
					},
					{
						"block": "minecraft:grass",
						"speed": 16,
						"on_dig": {
							"event": "break_blocks"
						}
					},
					{
						"block": "minecraft:gravel",
						"speed": 16,
						"on_dig": {
							"event": "break_blocks"
						}
					},
					{
						"block": "minecraft:sand",
						"speed": 16,
						"on_dig": {
							"event": "break_blocks"
						}
					},
					{
						"block": "minecraft:dirt",
						"speed": 16,
						"on_dig": {
							"event": "break_blocks"
						}
					},
					{
						"block": "minecraft:concretePowder",
						"speed": 16,
						"on_dig": {
							"event": "break_blocks"
						}
					},
					{
						"block": "minecraft:mycelium",
						"speed": 16,
						"on_dig": {
							"event": "break_blocks"
						}
					},
					{
						"block": "minecraft:podzol",
						"speed": 16,
						"on_dig": {
							"event": "break_blocks"
						}
					},
					{
						"block": "minecraft:snow",
						"speed": 16,
						"on_dig": {
							"event": "break_blocks"
						}
					},
					{
						"block": "minecraft:clay",
						"speed": 16,
						"on_dig": {
							"event": "break_blocks"
						}
					}
				],
				"on_dig": {
					"event": "break_blocks",
					"target": "self"
				}
			},
			"minecraft:display_name": {},
			"minecraft:durability": {
				"max_durability": 2437
			},
			"minecraft:creative_category": {
				"parent": "itemGroup.name.shovel"
			},
			"minecraft:icon": {
				"texture": "deathnerite_shovel"
			},
			"minecraft:weapon": {
				"on_hurt_entity": {
					"event": "break_blocks"
				}
			}
		},
		"events": {
			"break_blocks": {
				"damage": {
					"type": "durability",
					"amount": 1
				}
			}
		}
	}
}