{
	"format_version": "1.16.100",
	"minecraft:item": {
		"description": {
			"identifier": "heavy:deathnerite_sword",
			"category": "equipment"
		},
		"components": {
			"tag:minecraft:transformable_items": {},
			"tag:minecraft:is_sword": {},
			"minecraft:can_destroy_in_creative": false,
			"minecraft:max_stack_size": 1,
			"minecraft:hand_equipped": true,
			"minecraft:mining_speed": 1.5,
			"minecraft:damage": 9,
			"minecraft:enchantable": {
				"value": 25,
				"slot": "sword"
			},
			"minecraft:digger": {
				"use_efficiency": true,
				"destroy_speeds": [
					{
						"block": "minecraft:web",
						"speed": 15,
						"on_dig": {
							"event": "minecraft:break"
						}
					},
					{
						"block": "minecraft:bamboo",
						"speed": 35,
						"on_dig": {
							"event": "minecraft:break"
						}
					},
					{
						"block": "minecraft:melon_block",
						"speed": 1,
						"on_dig": {
							"event": "minecraft:break"
						}
					},
					{
						"block": "minecraft:pumpkin",
						"speed": 1,
						"on_dig": {
							"event": "minecraft:break"
						}
					},
					{
						"block": "minecraft:cocoa",
						"speed": 1,
						"on_dig": {
							"event": "minecraft:break"
						}
					},
					{
						"block": "minecraft:lit_pumpkin",
						"speed": 1,
						"on_dig": {
							"event": "minecraft:break"
						}
					},
					{
						"block": "minecraft:leaves",
						"speed": 1,
						"on_dig": {
							"event": "minecraft:break"
						}
					},
					{
						"block": "minecraft:vine",
						"speed": 1,
						"on_dig": {
							"event": "minecraft:break"
						}
					},
					{
						"block": "minecraft:hay_block",
						"speed": 1,
						"on_dig": {
							"event": "minecraft:break"
						}
					}
				],
				"on_dig": {
					"event": "minecraft:break",
					"target": "self"
				}
			},
			"minecraft:display_name": {},
			"minecraft:durability": {
				"max_durability": 2437
			},
			"minecraft:creative_category": {
				"parent": "itemGroup.name.sword"
			},
			"minecraft:icon": {
				"texture": "deathnerite_sword"
			},
			"minecraft:weapon": {
				"on_hurt_entity": {
					"event": "break_blocks"
				}
			}
		},
		"events": {
			"break_blocks": {
				"damage": {
					"type": "durability",
					"amount": 1
				}
			},
			"minecraft:break": {
				"damage": {
					"type": "durability",
					"amount": 2
				}
			}
		}
	}
}