{
	"format_version": "1.16.100",
	"minecraft:item": {
		"description": {
			"identifier": "heavy:deathnerite_hoe",
			"category": "equipment"
		},
		"components": {
			"tag:minecraft:transformable_items": {},
			"minecraft:damage": 7,
			"minecraft:enchantable": {
				"value": 25,
				"slot": "hoe"
			},
			"minecraft:max_stack_size": 1,
			"minecraft:hand_equipped": true,
			"minecraft:mining_speed": 1,
			"minecraft:digger": {
				"use_efficiency": true,
				"destroy_speeds": [
					{
						"block": "minecraft:mangrove_leaves",
						"speed": 16,
						"on_dig": {
							"event": "break_blocks"
						}
					},
					{
						"block": "minecraft:moss_block",
						"speed": 16,
						"on_dig": {
							"event": "break_blocks"
						}
					},
					{
						"block": "minecraft:leaves",
						"speed": 16,
						"on_dig": {
							"event": "break_blocks"
						}
					},
					{
						"block": "minecraft:shroomlight",
						"speed": 16,
						"on_dig": {
							"event": "break_blocks"
						}
					},
					{
						"block": "minecraft:sponge",
						"speed": 16,
						"on_dig": {
							"event": "break_blocks"
						}
					},
					{
						"block": "minecraft:target",
						"speed": 16,
						"on_dig": {
							"event": "break_blocks"
						}
					},
					{
						"block": "minecraft:hay_block",
						"speed": 16,
						"on_dig": {
							"event": "break_blocks"
						}
					},
					{
						"block": "minecraft:leaves2",
						"speed": 16,
						"on_dig": {
							"event": "break_blocks"
						}
					},
					{
						"block": "minecraft:warped_wart_block",
						"speed": 16,
						"on_dig": {
							"event": "break_blocks"
						}
					},
					{
						"block": "minecraft:nether_wart_block",
						"speed": 16,
						"on_dig": {
							"event": "break_blocks"
						}
					},
					{
						"block": "minecraft:sculk",
						"speed": 16,
						"on_dig": {
							"event": "break_blocks"
						}
					},
					{
						"block": "minecraft:sculk_catalyst",
						"speed": 16,
						"on_dig": {
							"event": "break_blocks"
						}
					},
					{
						"block": "minecraft:sculk_shrieker",
						"speed": 16,
						"on_dig": {
							"event": "break_blocks"
						}
					},
					{
						"block": "minecraft:sculk_vein",
						"speed": 16,
						"on_dig": {
							"event": "break_blocks"
						}
					},
					{
						"block": "minecraft:sculk_sensor",
						"speed": 16,
						"on_dig": {
							"event": "break_blocks"
						}
					},
					{
						"block": "minecraft:dried_kelp_block",
						"speed": 16,
						"on_dig": {
							"event": "break_blocks"
						}
					}
				],
				"on_dig": {
					"event": "break_blocks",
					"target": "self"
				}
			},
			"minecraft:display_name": {},
			"minecraft:durability": {
				"max_durability": 2437
			},
			"minecraft:creative_category": {
				"parent": "itemGroup.name.hoe"
			},
			"minecraft:icon": {
				"texture": "deathnerite_hoe"
			},
			"tag:minecraft:is_hoe": {}
		},
		"events": {
			"break_blocks": {
				"damage": {
					"type": "durability",
					"amount": 1
				}
			}
		}
	}
}