{
	"format_version": "1.16.100",
	"minecraft:item": {
		"description": {
			"identifier": "heavy:deathnerite_pickaxe",
			"category": "equipment"
		},
		"components": {
			"tag:minecraft:transformable_items": {},
			"minecraft:max_stack_size": 1,
			"minecraft:hand_equipped": true,
			"minecraft:mining_speed": 8,
			"minecraft:damage": 7,
			"minecraft:enchantable": {
				"value": 25,
				"slot": "pickaxe"
			},
			"minecraft:weapon": {
				"on_hurt_entity": {
					"event": "break_blocks"
				}
			},
			"minecraft:digger": {
				"use_efficiency": true,
				"destroy_speeds": [
					{
						"block": "minecraft:brick_block",
						"speed": 16,
						"on_dig": {
							"event": "dmg"
						}
					},
					{
						"block": "minecraft:netherite_block",
						"speed": 16,
						"on_dig": {
							"event": "dmg"
						}
					},
					{
						"block": "minecraft:raw_iron_block",
						"speed": 16,
						"on_dig": {
							"event": "dmg"
						}
					},
					{
						"block": "minecraft:crying_obsidian",
						"speed": 16,
						"on_dig": {
							"event": "dmg"
						}
					},
					{
						"block": "minecraft:raw_gold_block",
						"speed": 16,
						"on_dig": {
							"event": "dmg"
						}
					},
					{
						"block": "minecraft:iron_block",
						"speed": 16,
						"on_dig": {
							"event": "dmg"
						}
					},
					{
						"block": "minecraft:gold_block",
						"speed": 16,
						"on_dig": {
							"event": "dmg"
						}
					},
					{
						"block": "minecraft:double_stone_block_slab4",
						"speed": 16,
						"on_dig": {
							"event": "dmg"
						}
					},
					{
						"block": "minecraft:stone_block_slab4",
						"speed": 16,
						"on_dig": {
							"event": "dmg"
						}
					},
					{
						"block": "minecraft:mossy_cobblestone_wall",
						"speed": 16,
						"on_dig": {
							"event": "dmg"
						}
					},
					{
						"block": "minecraft:cobblestone_wall",
						"speed": 16,
						"on_dig": {
							"event": "dmg"
						}
					},
					{
						"block": "minecraft:mossy_cobblestone",
						"speed": 16,
						"on_dig": {
							"event": "dmg"
						}
					},
					{
						"block": "minecraft:cobblestone",
						"speed": 16,
						"on_dig": {
							"event": "dmg"
						}
					},
					{
						"block": "minecraft:cobblestone",
						"speed": 16,
						"on_dig": {
							"event": "dmg"
						}
					},
					{
						"block": "minecraft:obsidian",
						"speed": 16,
						"on_dig": {
							"event": "dmg"
						}
					},
					{
						"block": "minecraft:deepslate_iron_ore",
						"speed": 16,
						"on_dig": {
							"event": "dmg"
						}
					},
					{
						"block": "minecraft:deepslate_gold_ore",
						"speed": 16,
						"on_dig": {
							"event": "dmg"
						}
					},
					{
						"block": "minecraft:deepslate_diamond_ore",
						"speed": 16,
						"on_dig": {
							"event": "dmg"
						}
					},
					{
						"block": "minecraft:lit_deepslate_redstone_ore",
						"speed": 16,
						"on_dig": {
							"event": "dmg"
						}
					},
					{
						"block": "minecraft:deepslate_emerald_ore",
						"speed": 16,
						"on_dig": {
							"event": "dmg"
						}
					},
					{
						"block": "minecraft:deepslate_emerald_ore",
						"speed": 16,
						"on_dig": {
							"event": "dmg"
						}
					},
					{
						"block": "minecraft:deepslate_coal_ore",
						"speed": 16,
						"on_dig": {
							"event": "dmg"
						}
					},
					{
						"block": "minecraft:lit_redstone_ore",
						"speed": 16,
						"on_dig": {
							"event": "dmg"
						}
					},
					{
						"block": "minecraft:gold_ore",
						"speed": 16,
						"on_dig": {
							"event": "dmg"
						}
					},
					{
						"block": "minecraft:packed_mud",
						"speed": 16,
						"on_dig": {
							"event": "dmg"
						}
					},
					{
						"block": "minecraft:mud_bricks",
						"speed": 16,
						"on_dig": {
							"event": "dmg"
						}
					},
					{
						"block": "minecraft:mud_brick_stairs",
						"speed": 16,
						"on_dig": {
							"event": "dmg"
						}
					},
					{
						"block": "minecraft:mud_wall",
						"speed": 16,
						"on_dig": {
							"event": "dmg"
						}
					},
					{
						"block": "minecraft:stone",
						"speed": 16,
						"on_dig": {
							"event": "break_blocks"
						}
					},
					{
						"block": {
							"tags": "q.any_tag('stone', 'metal', 'diamond_pick_diggable')"
						},
						"speed": 16,
						"on_dig": {
							"event": "break_blocks"
						}
					},
					{
                        "block": {
                            "tags": "(query.any_tag('ore_t1','ore_t2','ore_t3'))"
                        },
                        "speed": 32,
						"on_dig": {
							"event": "minecraft:break"
						}
                    },
					{
						"block": {
							"tags": "(query.any_tag('blocksoresplus'))"
						},
						"speed": 80,
						"on_dig": {
							"event": "oresplus:durability"
						}
					},
					{
						"block": {
							"tags": "(query.any_tag('oresplus'))"
						},
						"speed": 60,
						"on_dig": {
							"event": "oresplus:durability"
						}
					},
					{
						"block": {
							"tags": "(query.any_tag('mesaoresplus'))"
						},
						"speed": 30,
						"on_dig": {
							"event": "oresplus:durability"
						}
					},
					{
						"block": "minecraft:hardened_clay",
						"speed": 16,
						"on_dig": {
							"event": "minecraft:break"
						}
					},
					{
						"block": "minecraft:stained_hardened_clay",
						"speed": 16,
						"on_dig": {
							"event": "minecraft:break"
						}
					},
					{
						"block": "minecraft:ice",
						"speed": 16,
						"on_dig": {
							"event": "break_blocks"
						}
					},
					{
						"block": "minecraft:blackstone_stairs",
						"speed": 16,
						"on_dig": {
							"event": "break_blocks"
						}
					},
					{
						"block": "minecraft:blackstone_wall",
						"speed": 16,
						"on_dig": {
							"event": "break_blocks"
						}
					},
					{
						"block": "minecraft:polished_blackstone_brick_wall",
						"speed": 16,
						"on_dig": {
							"event": "break_blocks"
						}
					},
					{
						"block": "minecraft:chiseled_polished_blackstone",
						"speed": 16,
						"on_dig": {
							"event": "break_blocks"
						}
					},
					{
						"block": "minecraft:cracked_polished_blackstone_bricks",
						"speed": 16,
						"on_dig": {
							"event": "break_blocks"
						}
					},
					{
						"block": "minecraft:gilded_blackstone",
						"speed": 16,
						"on_dig": {
							"event": "break_blocks"
						}
					},
					{
						"block": "minecraft:sandstone",
						"speed": 16,
						"on_dig": {
							"event": "break_blocks"
						}
					},
					{
						"block": "minecraft:blackstone",
						"speed": 16,
						"on_dig": {
							"event": "break_blocks"
						}
					},
					{
						"block": "minecraft:polished_blackstone_bricks",
						"speed": 16,
						"on_dig": {
							"event": "break_blocks"
						}
					},
					{
						"block": "minecraft:polished_blackstone_brick_stairs",
						"speed": 16,
						"on_dig": {
							"event": "break_blocks"
						}
					},
					{
						"block": "minecraft:blackstone_slab",
						"speed": 16,
						"on_dig": {
							"event": "break_blocks"
						}
					},
					{
						"block": "minecraft:blackstone_double_slab",
						"speed": 16,
						"on_dig": {
							"event": "break_blocks"
						}
					},
					{
						"block": "minecraft:polished_blackstone_brick_slab",
						"speed": 16,
						"on_dig": {
							"event": "break_blocks"
						}
					},
					{
						"block": "minecraft:polished_blackstone_brick_double_slab",
						"speed": 16,
						"on_dig": {
							"event": "break_blocks"
						}
					},
					{
						"block": "minecraft:polished_blackstone",
						"speed": 16,
						"on_dig": {
							"event": "break_blocks"
						}
					},
					{
						"block": "minecraft:polished_blackstone_stairs",
						"speed": 16,
						"on_dig": {
							"event": "break_blocks"
						}
					},
					{
						"block": "minecraft:polished_blackstone_slab",
						"speed": 16,
						"on_dig": {
							"event": "break_blocks"
						}
					},
					{
						"block": "minecraft:polished_blackstone_double_slab",
						"speed": 16,
						"on_dig": {
							"event": "break_blocks"
						}
					},
					{
						"block": "minecraft:polished_blackstone_pressure_plate",
						"speed": 16,
						"on_dig": {
							"event": "break_blocks"
						}
					},
					{
						"block": "minecraft:polished_blackstone_button",
						"speed": 16,
						"on_dig": {
							"event": "break_blocks"
						}
					},
					{
						"block": "minecraft:polished_blackstone_wall",
						"speed": 16,
						"on_dig": {
							"event": "break_blocks"
						}
					},
					{
						"block": "minecraft:crying_obsidian",
						"speed": 16,
						"on_dig": {
							"event": "break_blocks"
						}
					},
					{
						"block": "minecraft:netherite_block",
						"speed": 16,
						"on_dig": {
							"event": "break_blocks"
						}
					},
					{
						"block": "minecraft:emerald_ore",
						"speed": 16,
						"on_dig": {
							"event": "break_blocks"
						}
					},
					{
						"block": "minecraft:quartz_ore",
						"speed": 16,
						"on_dig": {
							"event": "break_blocks"
						}
					},
					{
						"block": "minecraft:nether_gold_ore",
						"speed": 16,
						"on_dig": {
							"event": "break_blocks"
						}
					},
					{
						"block": "minecraft:diamond_block",
						"speed": 16,
						"on_dig": {
							"event": "break_blocks"
						}
					},
					{
						"block": "minecraft:emerald_block",
						"speed": 16,
						"on_dig": {
							"event": "break_blocks"
						}
					},
					{
						"block": "minecraft:coal_block",
						"speed": 16,
						"on_dig": {
							"event": "break_blocks"
						}
					},
					{
						"block": "minecraft:lapis_block",
						"speed": 16,
						"on_dig": {
							"event": "break_blocks"
						}
					},
					{
						"block": "minecraft:redstone_block",
						"speed": 16,
						"on_dig": {
							"event": "break_blocks"
						}
					},
					{
						"block": "minecraft:red_sandstone",
						"speed": 16,
						"on_dig": {
							"event": "break_blocks"
						}
					},
					{
						"block": "minecraft:stonebrick",
						"speed": 16,
						"on_dig": {
							"event": "break_blocks"
						}
					},
					{
						"block": "minecraft:end_bricks",
						"speed": 16,
						"on_dig": {
							"event": "break_blocks"
						}
					},
					{
						"block": "minecraft:prismarine",
						"speed": 16,
						"on_dig": {
							"event": "break_blocks"
						}
					},
					{
						"block": "minecraft:purpur_block",
						"speed": 16,
						"on_dig": {
							"event": "break_blocks"
						}
					},
					{
						"block": "minecraft:quartz_block",
						"speed": 16,
						"on_dig": {
							"event": "break_blocks"
						}
					},
					{
						"block": "minecraft:quartz_bricks",
						"speed": 16,
						"on_dig": {
							"event": "break_blocks"
						}
					},
					{
						"block": "minecraft:smooth_stone",
						"speed": 16,
						"on_dig": {
							"event": "break_blocks"
						}
					},
					{
						"block": "minecraft:nether_brick",
						"speed": 16,
						"on_dig": {
							"event": "break_blocks"
						}
					},
					{
						"block": "minecraft:red_nether_brick",
						"speed": 16,
						"on_dig": {
							"event": "break_blocks"
						}
					},
					{
						"block": "minecraft:chiseled_nether_bricks",
						"speed": 16,
						"on_dig": {
							"event": "break_blocks"
						}
					},
					{
						"block": "minecraft:cracked_nether_bricks",
						"speed": 16,
						"on_dig": {
							"event": "break_blocks"
						}
					},
					{
						"block": "minecraft:bone_block",
						"speed": 16,
						"on_dig": {
							"event": "break_blocks"
						}
					},
					{
						"block": "minecraft:concrete",
						"speed": 16,
						"on_dig": {
							"event": "break_blocks"
						}
					},
					{
						"block": "minecraft:honeycomb_block",
						"speed": 16,
						"on_dig": {
							"event": "break_blocks"
						}
					},
					{
						"block": "minecraft:packed_ice",
						"speed": 16,
						"on_dig": {
							"event": "break_blocks"
						}
					},
					{
						"block": "minecraft:blue_ice",
						"speed": 16,
						"on_dig": {
							"event": "break_blocks"
						}
					},
					{
						"block": "minecraft:ancient_debris",
						"speed": 16,
						"on_dig": {
							"event": "break_blocks"
						}
					},
					{
						"block": "minecraft:netherrack",
						"speed": 16,
						"on_dig": {
							"event": "break_blocks"
						}
					},
					{
						"block": "minecraft:magma",
						"speed": 16,
						"on_dig": {
							"event": "break_blocks"
						}
					},
					{
						"block": "minecraft:mob_spawner",
						"speed": 16,
						"on_dig": {
							"event": "break_blocks"
						}
					},
					{
						"block": "minecraft:end_stone",
						"speed": 16,
						"on_dig": {
							"event": "break_blocks"
						}
					},
					{
						"block": "minecraft:ender_chest",
						"speed": 16,
						"on_dig": {
							"event": "break_blocks"
						}
					},
					{
						"block": "minecraft:shulker_box",
						"speed": 16,
						"on_dig": {
							"event": "break_blocks"
						}
					},
					{
						"block": "minecraft:undyed_shulker_box",
						"speed": 16,
						"on_dig": {
							"event": "break_blocks"
						}
					},
					{
						"block": "minecraft:basalt",
						"speed": 16,
						"on_dig": {
							"event": "break_blocks"
						}
					},
					{
						"block": "minecraft:polished_basalt",
						"speed": 16,
						"on_dig": {
							"event": "break_blocks"
						}
					},
					{
						"block": "minecraft:crimson_nylium",
						"speed": 16,
						"on_dig": {
							"event": "break_blocks"
						}
					},
					{
						"block": "minecraft:warped_nylium",
						"speed": 16,
						"on_dig": {
							"event": "break_blocks"
						}
					},
					{
						"block": "minecraft:coral",
						"speed": 16,
						"on_dig": {
							"event": "break_blocks"
						}
					},
					{
						"block": "minecraft:coral_block",
						"speed": 16,
						"on_dig": {
							"event": "break_blocks"
						}
					},
					{
						"block": "minecraft:coral_fan",
						"speed": 16,
						"on_dig": {
							"event": "break_blocks"
						}
					},
					{
						"block": "minecraft:coral_fan_dead",
						"speed": 16,
						"on_dig": {
							"event": "break_blocks"
						}
					},
					{
						"block": "minecraft:coral_fan_hang",
						"speed": 16,
						"on_dig": {
							"event": "break_blocks"
						}
					},
					{
						"block": "minecraft:coral_fan_hang2",
						"speed": 16,
						"on_dig": {
							"event": "break_blocks"
						}
					},
					{
						"block": "minecraft:coral_fan_hang3",
						"speed": 16,
						"on_dig": {
							"event": "break_blocks"
						}
					},
					{
						"block": "minecraft:purple_glazed_terracotta",
						"speed": 16,
						"on_dig": {
							"event": "break_blocks"
						}
					},
					{
						"block": "minecraft:white_glazed_terracotta",
						"speed": 16,
						"on_dig": {
							"event": "break_blocks"
						}
					},
					{
						"block": "minecraft:orange_glazed_terracotta",
						"speed": 16,
						"on_dig": {
							"event": "break_blocks"
						}
					},
					{
						"block": "minecraft:magenta_glazed_terracotta",
						"speed": 16,
						"on_dig": {
							"event": "break_blocks"
						}
					},
					{
						"block": "minecraft:light_blue_glazed_terracotta",
						"speed": 16,
						"on_dig": {
							"event": "break_blocks"
						}
					},
					{
						"block": "minecraft:yellow_glazed_terracotta",
						"speed": 16,
						"on_dig": {
							"event": "break_blocks"
						}
					},
					{
						"block": "minecraft:lime_glazed_terracotta",
						"speed": 16,
						"on_dig": {
							"event": "break_blocks"
						}
					},
					{
						"block": "minecraft:pink_glazed_terracotta",
						"speed": 16,
						"on_dig": {
							"event": "break_blocks"
						}
					},
					{
						"block": "minecraft:gray_glazed_terracotta",
						"speed": 16,
						"on_dig": {
							"event": "break_blocks"
						}
					},
					{
						"block": "minecraft:silver_glazed_terracotta",
						"speed": 16,
						"on_dig": {
							"event": "break_blocks"
						}
					},
					{
						"block": "minecraft:cyan_glazed_terracotta",
						"speed": 16,
						"on_dig": {
							"event": "break_blocks"
						}
					},
					{
						"block": "minecraft:blue_glazed_terracotta",
						"speed": 16,
						"on_dig": {
							"event": "break_blocks"
						}
					},
					{
						"block": "minecraft:brown_glazed_terracotta",
						"speed": 16,
						"on_dig": {
							"event": "break_blocks"
						}
					},
					{
						"block": "minecraft:green_glazed_terracotta",
						"speed": 16,
						"on_dig": {
							"event": "break_blocks"
						}
					},
					{
						"block": "minecraft:red_glazed_terracotta",
						"speed": 16,
						"on_dig": {
							"event": "break_blocks"
						}
					},
					{
						"block": "minecraft:black_glazed_terracotta",
						"speed": 16,
						"on_dig": {
							"event": "break_blocks"
						}
					},
					{
						"block": "minecraft:terracotta",
						"speed": 16,
						"on_dig": {
							"event": "break_blocks"
						}
					},
					{
						"block": "minecraft:lantern",
						"speed": 16,
						"on_dig": {
							"event": "break_blocks"
						}
					},
					{
						"block": "minecraft:soul_lantern",
						"speed": 16,
						"on_dig": {
							"event": "break_blocks"
						}
					},
					{
						"block": "minecraft:grindstone",
						"speed": 16,
						"on_dig": {
							"event": "break_blocks"
						}
					},
					{
						"block": "minecraft:anvil",
						"speed": 16,
						"on_dig": {
							"event": "break_blocks"
						}
					},
					{
						"block": "minecraft:respawn_anchor",
						"speed": 16,
						"on_dig": {
							"event": "break_blocks"
						}
					},
					{
						"block": "minecraft:smoker",
						"speed": 16,
						"on_dig": {
							"event": "break_blocks"
						}
					},
					{
						"block": "minecraft:lit_smoker",
						"speed": 16,
						"on_dig": {
							"event": "break_blocks"
						}
					},
					{
						"block": "minecraft:beacon",
						"speed": 16,
						"on_dig": {
							"event": "break_blocks"
						}
					},
					{
						"block": "minecraft:conduit",
						"speed": 16,
						"on_dig": {
							"event": "break_blocks"
						}
					},
					{
						"block": "minecraft:bell",
						"speed": 16,
						"on_dig": {
							"event": "break_blocks"
						}
					},
					{
						"block": "minecraft:stonecutter",
						"speed": 16,
						"on_dig": {
							"event": "break_blocks"
						}
					},
					{
						"block": "minecraft:enchanting_table",
						"speed": 16,
						"on_dig": {
							"event": "break_blocks"
						}
					},
					{
						"block": "minecraft:furnace",
						"speed": 16,
						"on_dig": {
							"event": "break_blocks"
						}
					},
					{
						"block": "minecraft:lit_furnace",
						"speed": 16,
						"on_dig": {
							"event": "break_blocks"
						}
					},
					{
						"block": "minecraft:blast_furnace",
						"speed": 16,
						"on_dig": {
							"event": "break_blocks"
						}
					},
					{
						"block": "minecraft:lit_blast_furnace",
						"speed": 16,
						"on_dig": {
							"event": "break_blocks"
						}
					},
					{
						"block": "minecraft:observer",
						"speed": 16,
						"on_dig": {
							"event": "break_blocks"
						}
					},
					{
						"block": "minecraft:chain",
						"speed": 16,
						"on_dig": {
							"event": "break_blocks"
						}
					},
					{
						"block": "minecraft:dispenser",
						"speed": 16,
						"on_dig": {
							"event": "break_blocks"
						}
					},
					{
						"block": "minecraft:dropper",
						"speed": 16,
						"on_dig": {
							"event": "break_blocks"
						}
					},
					{
						"block": "minecraft:hopper",
						"speed": 16,
						"on_dig": {
							"event": "break_blocks"
						}
					},
					{
						"block": "minecraft:stonecutter_block",
						"speed": 16,
						"on_dig": {
							"event": "break_blocks"
						}
					},
					{
						"block": "minecraft:stone_slab",
						"speed": 16,
						"on_dig": {
							"event": "break_blocks"
						}
					},
					{
						"block": "minecraft:stone_slab2",
						"speed": 16,
						"on_dig": {
							"event": "break_blocks"
						}
					},
					{
						"block": "minecraft:stone_slab3",
						"speed": 16,
						"on_dig": {
							"event": "break_blocks"
						}
					},
					{
						"block": "minecraft:stone_slab12",
						"speed": 16,
						"on_dig": {
							"event": "break_blocks"
						}
					},
					{
						"block": "minecraft:double_stone_slab",
						"speed": 16,
						"on_dig": {
							"event": "break_blocks"
						}
					},
					{
						"block": "minecraft:double_stone_slab3",
						"speed": 16,
						"on_dig": {
							"event": "break_blocks"
						}
					},
					{
						"block": "minecraft:double_stone_slab2",
						"speed": 16,
						"on_dig": {
							"event": "break_blocks"
						}
					},
					{
						"block": "minecraft:double_stone_slab12",
						"speed": 16,
						"on_dig": {
							"event": "break_blocks"
						}
					},
					{
						"block": "minecraft:stone_stairs",
						"speed": 16,
						"on_dig": {
							"event": "break_blocks"
						}
					},
					{
						"block": "minecraft:brick_stairs",
						"speed": 16,
						"on_dig": {
							"event": "break_blocks"
						}
					},
					{
						"block": "minecraft:stone_brick_stairs",
						"speed": 16,
						"on_dig": {
							"event": "break_blocks"
						}
					},
					{
						"block": "minecraft:nether_brick_stairs",
						"speed": 16,
						"on_dig": {
							"event": "break_blocks"
						}
					},
					{
						"block": "minecraft:sandstone_stairs",
						"speed": 16,
						"on_dig": {
							"event": "break_blocks"
						}
					},
					{
						"block": "minecraft:quartz_stairs",
						"speed": 16,
						"on_dig": {
							"event": "break_blocks"
						}
					},
					{
						"block": "minecraft:red_sandstone_stairs",
						"speed": 16,
						"on_dig": {
							"event": "break_blocks"
						}
					},
					{
						"block": "minecraft:purpur_stairs",
						"speed": 16,
						"on_dig": {
							"event": "break_blocks"
						}
					},
					{
						"block": "minecraft:prismarine_stairs",
						"speed": 16,
						"on_dig": {
							"event": "break_blocks"
						}
					},
					{
						"block": "minecraft:prismarine_bricks_stairs",
						"speed": 16,
						"on_dig": {
							"event": "break_blocks"
						}
					},
					{
						"block": "minecraft:dark_prismarine_stairs",
						"speed": 16,
						"on_dig": {
							"event": "break_blocks"
						}
					},
					{
						"block": "minecraft:granite_stairs",
						"speed": 16,
						"on_dig": {
							"event": "break_blocks"
						}
					},
					{
						"block": "minecraft:diorite_stairs",
						"speed": 16,
						"on_dig": {
							"event": "break_blocks"
						}
					},
					{
						"block": "minecraft:polished_granite_stairs",
						"speed": 16,
						"on_dig": {
							"event": "break_blocks"
						}
					},
					{
						"block": "minecraft:andesite_stairs",
						"speed": 16,
						"on_dig": {
							"event": "break_blocks"
						}
					},
					{
						"block": "minecraft:polished_diorite_stairs",
						"speed": 16,
						"on_dig": {
							"event": "break_blocks"
						}
					},
					{
						"block": "minecraft:mossy_stone_brick_stairs",
						"speed": 16,
						"on_dig": {
							"event": "break_blocks"
						}
					},
					{
						"block": "minecraft:smooth_red_sandstone_stairs",
						"speed": 16,
						"on_dig": {
							"event": "break_blocks"
						}
					},
					{
						"block": "minecraft:smooth_sandstone_stairs",
						"speed": 16,
						"on_dig": {
							"event": "break_blocks"
						}
					},
					{
						"block": "minecraft:end_brick_stairs",
						"speed": 16,
						"on_dig": {
							"event": "break_blocks"
						}
					},
					{
						"block": "minecraft:mossy_cobblestone_stairs",
						"speed": 16,
						"on_dig": {
							"event": "break_blocks"
						}
					},
					{
						"block": "minecraft:normal_stone_stairs",
						"speed": 16,
						"on_dig": {
							"event": "break_blocks"
						}
					},
					{
						"block": "minecraft:red_nether_brick_stairs",
						"speed": 16,
						"on_dig": {
							"event": "break_blocks"
						}
					},
					{
						"block": "minecraft:smooth_quartz_stairs",
						"speed": 16,
						"on_dig": {
							"event": "break_blocks"
						}
					},
					{
						"block": "minecraft:polished_andesite_stairs",
						"speed": 16,
						"on_dig": {
							"event": "break_blocks"
						}
					},
					{
						"block": "minecraft:brewing_stand",
						"speed": 16,
						"on_dig": {
							"event": "break_blocks"
						}
					},
					{
						"block": "minecraft:lodestone",
						"speed": 16,
						"on_dig": {
							"event": "break_blocks"
						}
					},
					{
						"block": "minecraft:iron_door",
						"speed": 16,
						"on_dig": {
							"event": "break_blocks"
						}
					},
					{
						"block": "minecraft:iron_bars",
						"speed": 16,
						"on_dig": {
							"event": "break_blocks"
						}
					},
					{
						"block": "minecraft:iron_trapdoor",
						"speed": 16,
						"on_dig": {
							"event": "break_blocks"
						}
					},
					{
						"block": "minecraft:golden_rail",
						"speed": 16,
						"on_dig": {
							"event": "break_blocks"
						}
					},
					{
						"block": "minecraft:detector_rail",
						"speed": 16,
						"on_dig": {
							"event": "break_blocks"
						}
					},
					{
						"block": "minecraft:rail",
						"speed": 16,
						"on_dig": {
							"event": "break_blocks"
						}
					},
					{
						"block": "minecraft:activator_rail",
						"speed": 16,
						"on_dig": {
							"event": "break_blocks"
						}
					},
					{
						"block": "minecraft:nether_brick_fence",
						"speed": 16,
						"on_dig": {
							"event": "break_blocks"
						}
					},
					{
						"block": "minecraft:respawn_anchor",
						"speed": 16,
						"on_dig": {
							"event": "break_blocks"
						}
					},
					{
						"block": "minecraft:smooth_basalt",
						"speed": 16,
						"on_dig": {
							"event": "break_blocks"
						}
					},
					{
						"block": "minecraft:calcite",
						"speed": 16,
						"on_dig": {
							"event": "break_blocks"
						}
					},
					{
						"block": "minecraft:tuff",
						"speed": 16,
						"on_dig": {
							"event": "break_blocks"
						}
					},
					{
						"block": "minecraft:amethyst_block",
						"speed": 16,
						"on_dig": {
							"event": "break_blocks"
						}
					},
					{
						"block": "minecraft:budding_amethyst",
						"speed": 16,
						"on_dig": {
							"event": "break_blocks"
						}
					},
					{
						"block": "minecraft:dripstone_block",
						"speed": 16,
						"on_dig": {
							"event": "break_blocks"
						}
					},
					{
						"block": "minecraft:waxed_copper",
						"speed": 16,
						"on_dig": {
							"event": "break_blocks"
						}
					},
					{
						"block": "minecraft:waxed_cut_copper",
						"speed": 16,
						"on_dig": {
							"event": "break_blocks"
						}
					},
					{
						"block": "minecraft:waxed_cut_copper_slab",
						"speed": 16,
						"on_dig": {
							"event": "break_blocks"
						}
					},
					{
						"block": "minecraft:waxed_cut_copper_stairs",
						"speed": 16,
						"on_dig": {
							"event": "break_blocks"
						}
					},
					{
						"block": "minecraft:waxed_exposed_copper",
						"speed": 16,
						"on_dig": {
							"event": "break_blocks"
						}
					},
					{
						"block": "minecraft:waxed_exposed_cut_copper",
						"speed": 16,
						"on_dig": {
							"event": "break_blocks"
						}
					},
					{
						"block": "minecraft:waxed_exposed_cut_copper_slab",
						"speed": 16,
						"on_dig": {
							"event": "break_blocks"
						}
					},
					{
						"block": "minecraft:waxed_exposed_cut_copper_stairs",
						"speed": 16,
						"on_dig": {
							"event": "break_blocks"
						}
					},
					{
						"block": "minecraft:waxed_oxidized_copper",
						"speed": 16,
						"on_dig": {
							"event": "break_blocks"
						}
					},
					{
						"block": "minecraft:waxed_oxidized_cut_copper",
						"speed": 16,
						"on_dig": {
							"event": "break_blocks"
						}
					},
					{
						"block": "minecraft:waxed_oxidized_cut_copper_slab",
						"speed": 16,
						"on_dig": {
							"event": "break_blocks"
						}
					},
					{
						"block": "minecraft:waxed_oxidized_cut_copper_stairs",
						"speed": 16,
						"on_dig": {
							"event": "break_blocks"
						}
					},
					{
						"block": "minecraft:waxed_weathered_copper",
						"speed": 16,
						"on_dig": {
							"event": "break_blocks"
						}
					},
					{
						"block": "minecraft:waxed_weathered_cut_copper",
						"speed": 16,
						"on_dig": {
							"event": "break_blocks"
						}
					},
					{
						"block": "minecraft:waxed_weathered_cut_copper_slab",
						"speed": 16,
						"on_dig": {
							"event": "break_blocks"
						}
					},
					{
						"block": "minecraft:waxed_weathered_cut_copper_stairs",
						"speed": 16,
						"on_dig": {
							"event": "break_blocks"
						}
					},
					{
						"block": "minecraft:copper_block",
						"speed": 16,
						"on_dig": {
							"event": "break_blocks"
						}
					},
					{
						"block": "minecraft:copper_ore",
						"speed": 16,
						"on_dig": {
							"event": "break_blocks"
						}
					},
					{
						"block": "minecraft:cut_copper",
						"speed": 16,
						"on_dig": {
							"event": "break_blocks"
						}
					},
					{
						"block": "minecraft:cut_copper_slab",
						"speed": 16,
						"on_dig": {
							"event": "break_blocks"
						}
					},
					{
						"block": "minecraft:cut_copper_stairs",
						"speed": 16,
						"on_dig": {
							"event": "break_blocks"
						}
					},
					{
						"block": "minecraft:deepslate_copper_ore",
						"speed": 16,
						"on_dig": {
							"event": "break_blocks"
						}
					},
					{
						"block": "minecraft:exposed_copper",
						"speed": 16,
						"on_dig": {
							"event": "break_blocks"
						}
					},
					{
						"block": "minecraft:exposed_cut_copper",
						"speed": 16,
						"on_dig": {
							"event": "break_blocks"
						}
					},
					{
						"block": "minecraft:exposed_cut_copper_slab",
						"speed": 16,
						"on_dig": {
							"event": "break_blocks"
						}
					},
					{
						"block": "minecraft:exposed_cut_copper_stairs",
						"speed": 16,
						"on_dig": {
							"event": "break_blocks"
						}
					},
					{
						"block": "minecraft:oxidized_copper",
						"speed": 16,
						"on_dig": {
							"event": "break_blocks"
						}
					},
					{
						"block": "minecraft:oxidized_cut_copper",
						"speed": 16,
						"on_dig": {
							"event": "break_blocks"
						}
					},
					{
						"block": "minecraft:oxidized_cut_copper_slab",
						"speed": 16,
						"on_dig": {
							"event": "break_blocks"
						}
					},
					{
						"block": "minecraft:oxidized_cut_copper_stairs",
						"speed": 16,
						"on_dig": {
							"event": "break_blocks"
						}
					},
					{
						"block": "minecraft:raw_copper_block",
						"speed": 16,
						"on_dig": {
							"event": "break_blocks"
						}
					},
					{
						"block": "minecraft:weathered_copper",
						"speed": 16,
						"on_dig": {
							"event": "break_blocks"
						}
					},
					{
						"block": "minecraft:weathered_cut_copper",
						"speed": 16,
						"on_dig": {
							"event": "break_blocks"
						}
					},
					{
						"block": "minecraft:weathered_cut_copper_slab",
						"speed": 16,
						"on_dig": {
							"event": "break_blocks"
						}
					},
					{
						"block": "minecraft:weathered_cut_copper_stairs",
						"speed": 16,
						"on_dig": {
							"event": "break_blocks"
						}
					},
					{
						"block": "minecraft:deepslate",
						"speed": 16,
						"on_dig": {
							"event": "break_blocks"
						}
					},
					{
						"block": "minecraft:deepslate_brick_slab",
						"speed": 16,
						"on_dig": {
							"event": "break_blocks"
						}
					},
					{
						"block": "minecraft:deepslate_brick_stairs",
						"speed": 16,
						"on_dig": {
							"event": "break_blocks"
						}
					},
					{
						"block": "minecraft:deepslate_brick_wall",
						"speed": 16,
						"on_dig": {
							"event": "break_blocks"
						}
					},
					{
						"block": "minecraft:deepslate_bricks",
						"speed": 16,
						"on_dig": {
							"event": "break_blocks"
						}
					},
					{
						"block": "minecraft:deepslate_lapis_ore",
						"speed": 16,
						"on_dig": {
							"event": "break_blocks"
						}
					},
					{
						"block": "minecraft:deepslate_tile_slab",
						"speed": 16,
						"on_dig": {
							"event": "break_blocks"
						}
					},
					{
						"block": "minecraft:deepslate_tile_stairs",
						"speed": 16,
						"on_dig": {
							"event": "break_blocks"
						}
					},
					{
						"block": "minecraft:deepslate_tile_wall",
						"speed": 16,
						"on_dig": {
							"event": "break_blocks"
						}
					},
					{
						"block": "minecraft:deepslate_tiles",
						"speed": 16,
						"on_dig": {
							"event": "break_blocks"
						}
					},
					{
						"block": "minecraft:chiseled_deepslate",
						"speed": 16,
						"on_dig": {
							"event": "break_blocks"
						}
					},
					{
						"block": "minecraft:cobbled_deepslate",
						"speed": 16,
						"on_dig": {
							"event": "break_blocks"
						}
					},
					{
						"block": "minecraft:cobbled_deepslate_slab",
						"speed": 16,
						"on_dig": {
							"event": "break_blocks"
						}
					},
					{
						"block": "minecraft:cobbled_deepslate_stairs",
						"speed": 16,
						"on_dig": {
							"event": "break_blocks"
						}
					},
					{
						"block": "minecraft:cobbled_deepslate_wall",
						"speed": 16,
						"on_dig": {
							"event": "break_blocks"
						}
					},
					{
						"block": "minecraft:cracked_deepslate_bricks",
						"speed": 16,
						"on_dig": {
							"event": "break_blocks"
						}
					},
					{
						"block": "minecraft:cracked_deepslate_tiles",
						"speed": 16,
						"on_dig": {
							"event": "break_blocks"
						}
					},
					{
						"block": "minecraft:polished_deepslate",
						"speed": 16,
						"on_dig": {
							"event": "break_blocks"
						}
					},
					{
						"block": "minecraft:polished_deepslate_slab",
						"speed": 16,
						"on_dig": {
							"event": "break_blocks"
						}
					},
					{
						"block": "minecraft:polished_deepslate_stairs",
						"speed": 16,
						"on_dig": {
							"event": "break_blocks"
						}
					},
					{
						"block": "minecraft:polished_deepslate_wall",
						"speed": 16,
						"on_dig": {
							"event": "break_blocks"
						}
					},
					{
						"block": "minecraft:diamond_ore",
						"speed": 12,
						"on_dig": {
							"event": "break_blocks"
						}
					},
					{
						"block": "minecraft:redstone_ore",
						"speed": 12,
						"on_dig": {
							"event": "break_blocks"
						}
					},
					{
						"block": "minecraft:iron_ore",
						"speed": 12,
						"on_dig": {
							"event": "break_blocks"
						}
					},
					{
						"block": "minecraft:lapis_ore",
						"speed": 12,
						"on_dig": {
							"event": "break_blocks"
						}
					},
					{
						"block": "minecraft:coal_ore",
						"speed": 12,
						"on_dig": {
							"event": "break_blocks"
						}
					}
				],
				"on_dig": {
					"event": "break_blocks",
					"target": "self"
				}
			},
			"minecraft:display_name": {},
			"minecraft:icon": {
				"texture": "deathnerite_pickaxe"
			},
			"minecraft:creative_category": {
				"parent": "itemGroup.name.pickaxe"
			},
			"minecraft:durability": {
				"max_durability": 2031,
				"damage_chance": {
					"min": 1,
					"max": 1
				}
			}
		},
		"events": {
			"break_blocks": {
				"damage": {
					"type": "none",
					"amount": 1,
					"target": "self"
				}
			}
		}
	}
}