{
  "player.death": {
    "_use_legacy_max_distance": "true",
    "category": "player",
    "max_distance": 24,
    "sounds": [
      "sounds/v/player/amongus",
      "sounds/v/player/bass",
      "sounds/v/player/beans",
      "sounds/v/player/beatbox",
      "sounds/v/player/beebee",
      "sounds/v/player/bell",
      "sounds/v/player/bonk",
      "sounds/v/player/boom",
      "sounds/v/player/brb",
      "sounds/v/player/candy",
      "sounds/v/player/daddy",
      "sounds/v/player/dial",
      "sounds/v/player/disconnect",
      "sounds/v/player/dun",
      "sounds/v/player/error",
      "sounds/v/player/errorspam",
      "sounds/v/player/failed",
      "sounds/v/player/fart",
      "sounds/v/player/fbi",
      "sounds/v/player/flute",
      "sounds/v/player/fortnite",
      "sounds/v/player/goofy",
      "sounds/v/player/gta",
      "sounds/v/player/guitar",
      "sounds/v/player/highpitch",
      "sounds/v/player/illuminati",
      "sounds/v/player/mario",
      "sounds/v/player/mutahar",
      "sounds/v/player/no",
      "sounds/v/player/oof",
      "sounds/v/player/outta",
      "sounds/v/player/pac",
      "sounds/v/player/pam",
      "sounds/v/player/regular",
      "sounds/v/player/rimshot",
      "sounds/v/player/role",
      "sounds/v/player/scream",
      "sounds/v/player/slumber",
      "sounds/v/player/smash",
      "sounds/v/player/smoking",
      "sounds/v/player/sonic",
      "sounds/v/player/spider",
      "sounds/v/player/squish",
      "sounds/v/player/subaluwa",
      "sounds/v/player/sus",
      "sounds/v/player/terraria",
      "sounds/v/player/triggered",
      "sounds/v/player/trumpet",
      "sounds/v/player/warzone",
      "sounds/v/player/wilhelm",
      "sounds/v/player/windows",
      "sounds/v/player/women",
      "sounds/v/player/wow",
      "sounds/v/player/yoda"
    ]
  }
}