{
  "format_version": "1.20.10",
  "minecraft:entity": {
    "description": {
      "identifier": "minecraft:enderman",
      "is_spawnable": true,
      "is_summonable": true,
      "is_experimental": false
    },
    "component_groups": {
      "minecraft:enderman_calm": {
        "minecraft:on_target_acquired": {
          "event": "minecraft:become_angry",
          "target": "self"
        },
        "minecraft:movement": {
          "value": 0.3
        }
      },
      "minecraft:enderman_angry": {
        "minecraft:angry": {
          "duration": 25,
          "calm_event": {
            "event": "minecraft:on_calm",
            "target": "self"
          }
        },
        "minecraft:movement": {
          "value": 0.45
        },
        "minecraft:behavior.melee_box_attack": {
          "priority": 2
        }
      },
      "elite_enderman": {
        "minecraft:health": {
          "value": 60,
          "max": 60
        },
        "minecraft:loot": {
          "table": "loot_tables/entities/tartarean/elite_enderman.json"
        },
        "minecraft:experience_reward": {
          "on_death": "query.last_hit_by_player ? 40 : 0"
        },
        "minecraft:spell_effects": {
          "add_effects": [
            {
              "effect": "conduit_power",
              "duration": 999999,
              "visible": true
            },
            {
              "effect": "fire_resistance",
              "duration": 999999,
              "visible": false
            }
          ]
        },
        "minecraft:attack": {
          "damage": 14
        },
        "minecraft:despawn": {
          "despawn_from_distance": {
            "min_distance": 64,
            "max_distance": 256
          }
        }
      },
      "elite_one_up": {
        "minecraft:boss": {
          "hud_range": 10,
          "name": "§bElite Twin Lived Enderman the Recurrence"
        },
        "minecraft:damage_sensor": {
          "triggers": {
            "on_damage": {
              "filters": {
                "all_of": [
                  {
                    "test": "has_damage",
                    "value": "fatal"
                  },
                  {
                    "test": "is_family",
                    "subject": "other",
                    "value": "player"
                  }
                ]
              },
              "event": "one_up",
              "target": "self"
            }
          }
        }
      },
      "elite_blastoff": {
        "minecraft:boss": {
          "hud_range": 10,
          "name": "§bElite Trolling Enderman the NASA"
        },
        "minecraft:timer": {
          "time": [
            10,
            15
          ],
          "time_down_event": {
            "event": "blastoff"
          },
          "randomInterval": true,
          "looping": true
        }
      },
      "elite_bullwark": {
        "minecraft:boss": {
          "hud_range": 10,
          "name": "§bElite Armoured Enderman the Defender"
        },
        "minecraft:spell_effects": {
          "add_effects": [
            {
              "effect": "conduit_power",
              "duration": 999999,
              "visible": true
            },
            {
              "effect": "fire_resistance",
              "duration": 999999,
              "visible": false
            },
            {
              "effect": "resistance",
              "duration": 999999,
              "amplifier": 1,
              "visible": false
            }
          ]
        }
      },
      "elite_cloaking": {
        "minecraft:boss": {
          "hud_range": 10,
          "name": "§bElite Unseen Enderman of Stalking"
        },
        "minecraft:spell_effects": {
          "add_effects": [
            {
              "effect": "conduit_power",
              "duration": 999999,
              "visible": true
            },
            {
              "effect": "fire_resistance",
              "duration": 999999,
              "visible": false
            },
            {
              "effect": "invisibility",
              "duration": 999999,
              "visible": false
            }
          ]
        }
      },
      "elite_darkness": {
        "minecraft:boss": {
          "hud_range": 10,
          "name": "§bElite Dark Enderman the Shadow"
        },
        "minecraft:attack": {
          "effect_name": "blindness",
          "effect_duration": 20,
          "damage": 14
        }
      },
      "elite_exhaust": {
        "minecraft:boss": {
          "hud_range": 10,
          "name": "§bElite Exhausting Enderman of Fatigue"
        },
        "minecraft:behavior.melee_box_attack": {
          "priority": 2,
          "on_attack": {
            "event": "exhaust"
          }
        }
      },
      "elite_fiery": {
        "minecraft:boss": {
          "hud_range": 10,
          "name": "§bElite Burning Enderman of Crispyness"
        },
        "minecraft:timer": {
          "time": [
            10,
            15
          ],
          "time_down_event": {
            "event": "fiery"
          },
          "randomInterval": true,
          "looping": true
        }
      },
      "elite_poisonous": {
        "minecraft:boss": {
          "hud_range": 10,
          "name": "§bElite Poisonous Enderman of Venom"
        },
        "minecraft:attack": {
          "effect_name": "poison",
          "effect_duration": 20,
          "damage": 14
        }
      },
      "elite_quicksand": {
        "minecraft:boss": {
          "hud_range": 10,
          "name": "§bElite Quicksand Enderman of What the Slow"
        },
        "minecraft:attack": {
          "effect_name": "slowness",
          "effect_duration": 20,
          "damage": 14
        }
      },
      "elite_sapper": {
        "minecraft:boss": {
          "hud_range": 10,
          "name": "§bElite Starving Enderman of Hunger"
        },
        "minecraft:attack": {
          "effect_name": "hunger",
          "effect_duration": 10,
          "damage": 14
        }
      },
      "elite_sprint": {
        "minecraft:boss": {
          "hud_range": 10,
          "name": "§bElite Sprinting Enderman of Bolting"
        },
        "minecraft:spell_effects": {
          "add_effects": [
            {
              "effect": "conduit_power",
              "duration": 999999,
              "visible": true
            },
            {
              "effect": "fire_resistance",
              "duration": 999999,
              "visible": false
            },
            {
              "effect": "speed",
              "duration": 999999,
              "amplifier": 1,
              "visible": false
            }
          ]
        }
      },
      "elite_storm": {
        "minecraft:boss": {
          "hud_range": 10,
          "name": "§bElite Striking Enderman of Lightning"
        },
        "minecraft:timer": {
          "time": [
            10,
            15
          ],
          "time_down_event": {
            "event": "storm"
          },
          "randomInterval": true,
          "looping": true
        }
      },
      "elite_weakness": {
        "minecraft:boss": {
          "hud_range": 10,
          "name": "§bElite Apathetic Enderman of Apathy"
        },
        "minecraft:attack": {
          "effect_name": "weakness",
          "effect_duration": 20,
          "damage": 14
        }
      },
      "elite_webber": {
        "minecraft:boss": {
          "hud_range": 10,
          "name": "§bElite Webbing Enderman the Spider"
        },
        "minecraft:timer": {
          "time": [
            10,
            15
          ],
          "time_down_event": {
            "event": "webber"
          },
          "randomInterval": true,
          "looping": true
        }
      },
      "elite_wither": {
        "minecraft:boss": {
          "hud_range": 10,
          "name": "§bElite Withering Enderman Doomskull"
        },
        "minecraft:attack": {
          "effect_name": "wither",
          "effect_duration": 20,
          "damage": 14
        }
      },
      "ultra_enderman": {
        "minecraft:health": {
          "value": 80,
          "max": 80
        },
        "minecraft:loot": {
          "table": "loot_tables/entities/tartarean/ultra_enderman.json"
        },
        "minecraft:experience_reward": {
          "on_death": "query.last_hit_by_player ? 40 : 0"
        },
        "minecraft:spell_effects": {
          "add_effects": [
            {
              "effect": "haste",
              "duration": 999999,
              "visible": true
            },
            {
              "effect": "fire_resistance",
              "duration": 999999,
              "visible": false
            }
          ]
        },
        "minecraft:attack": {
          "damage": 21
        },
        "minecraft:despawn": {
          "despawn_from_distance": {
            "min_distance": 64,
            "max_distance": 256
          }
        }
      },
      "ultra_one_up": {
        "minecraft:boss": {
          "hud_range": 20,
          "name": "§eUltra Undying Enderman the Twin Lives"
        },
        "minecraft:damage_sensor": {
          "triggers": {
            "on_damage": {
              "filters": {
                "all_of": [
                  {
                    "test": "has_damage",
                    "value": "fatal"
                  },
                  {
                    "test": "is_family",
                    "subject": "other",
                    "value": "player"
                  }
                ]
              },
              "event": "one_up",
              "target": "self"
            }
          }
        }
      },
      "ultra_blastoff": {
        "minecraft:boss": {
          "hud_range": 20,
          "name": "§eUltra Thumping Enderman of Mission Control"
        },
        "minecraft:timer": {
          "time": [
            7,
            13
          ],
          "time_down_event": {
            "event": "blastoff"
          },
          "randomInterval": true,
          "looping": true
        }
      },
      "ultra_bullwark": {
        "minecraft:boss": {
          "hud_range": 20,
          "name": "§eUltra Defensive Enderman of Turtling"
        },
        "minecraft:spell_effects": {
          "add_effects": [
            {
              "effect": "haste",
              "duration": 999999,
              "visible": true
            },
            {
              "effect": "fire_resistance",
              "duration": 999999,
              "visible": false
            },
            {
              "effect": "resistance",
              "duration": 999999,
              "amplifier": 2,
              "visible": false
            }
          ]
        }
      },
      "ultra_cloaking": {
        "minecraft:boss": {
          "hud_range": 20,
          "name": "§eUltra Stalking Enderman the Unseen"
        },
        "minecraft:spell_effects": {
          "add_effects": [
            {
              "effect": "haste",
              "duration": 999999,
              "visible": true
            },
            {
              "effect": "fire_resistance",
              "duration": 999999,
              "visible": false
            },
            {
              "effect": "invisibility",
              "duration": 999999,
              "visible": false
            }
          ]
        }
      },
      "ultra_darkness": {
        "minecraft:boss": {
          "hud_range": 20,
          "name": "§eUltra Eclipsed Enderman the Shadow"
        },
        "minecraft:attack": {
          "effect_name": "blindness",
          "effect_duration": 40,
          "damage": 21
        }
      },
      "ultra_exhaust": {
        "minecraft:boss": {
          "hud_range": 20,
          "name": "§eUltra Exhausting Enderman the Drainer"
        },
        "minecraft:behavior.melee_box_attack": {
          "priority": 2,
          "on_attack": {
            "event": "exhaust"
          }
        }
      },
      "ultra_fiery": {
        "minecraft:boss": {
          "hud_range": 20,
          "name": "§eUltra Toasting Enderman of Crispyness"
        },
        "minecraft:timer": {
          "time": [
            7,
            13
          ],
          "time_down_event": {
            "event": "fiery"
          },
          "randomInterval": true,
          "looping": true
        }
      },
      "ultra_poisonous": {
        "minecraft:boss": {
          "hud_range": 20,
          "name": "§eUltra Despoiling Enderman the Cancerous"
        },
        "minecraft:attack": {
          "effect_name": "poison",
          "effect_duration": 40,
          "damage": 21
        }
      },
      "ultra_quicksand": {
        "minecraft:boss": {
          "hud_range": 20,
          "name": "§eUltra Quicksand Enderman the Slowing Boots"
        },
        "minecraft:attack": {
          "effect_name": "slowness",
          "effect_duration": 40,
          "damage": 21
        }
      },
      "ultra_sapper": {
        "minecraft:boss": {
          "hud_range": 20,
          "name": "§eUltra Hungering Enderman the Mutated"
        },
        "minecraft:attack": {
          "effect_name": "hunger",
          "effect_duration": 40,
          "damage": 21
        }
      },
      "ultra_sprint": {
        "minecraft:boss": {
          "hud_range": 20,
          "name": "§eUltra Charging Enderman the Swift One"
        },
        "minecraft:spell_effects": {
          "add_effects": [
            {
              "effect": "haste",
              "duration": 999999,
              "visible": true
            },
            {
              "effect": "fire_resistance",
              "duration": 999999,
              "visible": false
            },
            {
              "effect": "speed",
              "duration": 999999,
              "amplifier": 2,
              "visible": false
            }
          ]
        }
      },
      "ultra_storm": {
        "minecraft:boss": {
          "hud_range": 20,
          "name": "§eUltra Thundering Enderman of Striking"
        },
        "minecraft:timer": {
          "time": [
            7,
            13
          ],
          "time_down_event": {
            "event": "storm"
          },
          "randomInterval": true,
          "looping": true
        }
      },
      "ultra_weakness": {
        "minecraft:boss": {
          "hud_range": 20,
          "name": "§eUltra Apathetic Enderman of Apathy"
        },
        "minecraft:attack": {
          "effect_name": "weakness",
          "effect_duration": 40,
          "damage": 21
        }
      },
      "ultra_webber": {
        "minecraft:boss": {
          "hud_range": 20,
          "name": "§eUltra Ensnaring Enderman the Deceiver"
        },
        "minecraft:timer": {
          "time": [
            7,
            13
          ],
          "time_down_event": {
            "event": "webber"
          },
          "randomInterval": true,
          "looping": true
        }
      },
      "ultra_wither": {
        "minecraft:boss": {
          "hud_range": 20,
          "name": "§eUltra Dark Lord Enderman Doomskull"
        },
        "minecraft:attack": {
          "effect_name": "wither",
          "effect_duration": 40,
          "damage": 21
        }
      },
      "infernal_enderman": {
        "minecraft:health": {
          "value": 100,
          "max": 100
        },
        "minecraft:loot": {
          "table": "loot_tables/entities/tartarean/infernal_enderman.json"
        },
        "minecraft:experience_reward": {
          "on_death": "query.last_hit_by_player ? 60 : 0"
        },
        "minecraft:spell_effects": {
          "add_effects": [
            {
              "effect": "saturation",
              "duration": 999999,
              "visible": true
            },
            {
              "effect": "fire_resistance",
              "duration": 999999,
              "visible": false
            }
          ]
        },
        "minecraft:attack": {
          "damage": 28
        },
        "minecraft:despawn": {
          "despawn_from_distance": {
            "min_distance": 64,
            "max_distance": 256
          }
        }
      },
      "infernal_one_up": {
        "minecraft:boss": {
          "hud_range": 30,
          "name": "§cInfernal Recurrence Enderman the Undying"
        },
        "minecraft:damage_sensor": {
          "triggers": {
            "on_damage": {
              "filters": {
                "all_of": [
                  {
                    "test": "has_damage",
                    "value": "fatal"
                  },
                  {
                    "test": "is_family",
                    "subject": "other",
                    "value": "player"
                  }
                ]
              },
              "event": "one_up",
              "target": "self"
            }
          }
        }
      },
      "infernal_blastoff": {
        "minecraft:boss": {
          "hud_range": 30,
          "name": "§cInfernal Byebye Enderman of WEEEE"
        },
        "minecraft:timer": {
          "time": [
            5,
            10
          ],
          "time_down_event": {
            "event": "blastoff"
          },
          "randomInterval": true,
          "looping": true
        }
      },
      "infernal_bullwark": {
        "minecraft:boss": {
          "hud_range": 30,
          "name": "§cInfernal Turtling Enderman of Effing Armor"
        },
        "minecraft:spell_effects": {
          "add_effects": [
            {
              "effect": "saturation",
              "duration": 999999,
              "visible": true
            },
            {
              "effect": "fire_resistance",
              "duration": 999999,
              "visible": false
            },
            {
              "effect": "resistance",
              "duration": 999999,
              "amplifier": 3,
              "visible": false
            }
          ]
        }
      },
      "infernal_cloaking": {
        "minecraft:boss": {
          "hud_range": 30,
          "name": "§cInfernal Hunting Enderman the Predator"
        },
        "minecraft:spell_effects": {
          "add_effects": [
            {
              "effect": "saturation",
              "duration": 999999,
              "visible": true
            },
            {
              "effect": "fire_resistance",
              "duration": 999999,
              "visible": false
            },
            {
              "effect": "invisibility",
              "duration": 999999,
              "visible": false
            }
          ]
        }
      },
      "infernal_darkness": {
        "minecraft:boss": {
          "hud_range": 30,
          "name": "§cInfernal Shadowkin Enderman of Darkness"
        },
        "minecraft:attack": {
          "effect_name": "blindness",
          "effect_duration": 60,
          "damage": 28
        }
      },
      "infernal_exhaust": {
        "minecraft:boss": {
          "hud_range": 30,
          "name": "§cInfernal Draining Enderman of Fatigue"
        },
        "minecraft:behavior.melee_box_attack": {
          "priority": 2,
          "on_attack": {
            "event": "exhaust"
          }
        }
      },
      "infernal_fiery": {
        "minecraft:boss": {
          "hud_range": 30,
          "name": "§cInfernal Toasting Enderman the Pheonix"
        },
        "minecraft:timer": {
          "time": [
            5,
            10
          ],
          "time_down_event": {
            "event": "fiery"
          },
          "randomInterval": true,
          "looping": true
        }
      },
      "infernal_poisonous": {
        "minecraft:boss": {
          "hud_range": 30,
          "name": "§cInfernal Stinging Enderman the Deadly Chalice"
        },
        "minecraft:attack": {
          "effect_name": "poison",
          "effect_duration": 60,
          "damage": 28
        }
      },
      "infernal_quicksand": {
        "minecraft:boss": {
          "hud_range": 30,
          "name": "§cInfernal Slowing Enderman of You-Can't-Run"
        },
        "minecraft:attack": {
          "effect_name": "slowness",
          "effect_duration": 60,
          "damage": 28
        }
      },
      "infernal_sapper": {
        "minecraft:boss": {
          "hud_range": 30,
          "name": "§cInfernal Starving Enderman the Pale Rider"
        },
        "minecraft:attack": {
          "effect_name": "hunger",
          "effect_duration": 60,
          "damage": 28
        }
      },
      "infernal_sprint": {
        "minecraft:boss": {
          "hud_range": 30,
          "name": "§cInfernal Swift Enderman of Being In Your Face"
        },
        "minecraft:spell_effects": {
          "add_effects": [
            {
              "effect": "saturation",
              "duration": 999999,
              "visible": true
            },
            {
              "effect": "fire_resistance",
              "duration": 999999,
              "visible": false
            },
            {
              "effect": "speed",
              "duration": 999999,
              "amplifier": 3,
              "visible": false
            }
          ]
        }
      },
      "infernal_storm": {
        "minecraft:boss": {
          "hud_range": 30,
          "name": "§cInfernal Electrified Enderman the Raiden"
        },
        "minecraft:timer": {
          "time": [
            5,
            10
          ],
          "time_down_event": {
            "event": "storm"
          },
          "randomInterval": true,
          "looping": true
        }
      },
      "infernal_weakness": {
        "minecraft:boss": {
          "hud_range": 30,
          "name": "§cInfernal Apathetic Enderman of Apathy"
        },
        "minecraft:attack": {
          "effect_name": "weakness",
          "effect_duration": 60,
          "damage": 28
        }
      },
      "infernal_webber": {
        "minecraft:boss": {
          "hud_range": 30,
          "name": "§cInfernal Deceiving Enderman of Traps"
        },
        "minecraft:timer": {
          "time": [
            5,
            10
          ],
          "time_down_event": {
            "event": "webber"
          },
          "randomInterval": true,
          "looping": true
        }
      },
      "infernal_wither": {
        "minecraft:boss": {
          "hud_range": 30,
          "name": "§cInfernal Sith Lord Enderman of Dark Skulls"
        },
        "minecraft:attack": {
          "effect_name": "wither",
          "effect_duration": 60,
          "damage": 28
        }
      }
    },
    "components": {
      "minecraft:is_hidden_when_invisible": {},
      "minecraft:experience_reward": {
        "on_death": "query.last_hit_by_player ? 5 : 0"
      },
      "minecraft:type_family": {
        "family": [
          "enderman",
          "monster",
          "mob"
        ]
      },
      "minecraft:breathable": {
        "total_supply": 15,
        "suffocate_time": 0
      },
      "minecraft:nameable": {},
      "minecraft:loot": {
        "table": "loot_tables/entities/enderman.json"
      },
      "minecraft:health": {
        "value": 40,
        "max": 40
      },
      "minecraft:hurt_on_condition": {
        "damage_conditions": [
          {
            "filters": {
              "test": "in_lava",
              "subject": "self",
              "operator": "==",
              "value": true
            },
            "cause": "lava",
            "damage_per_tick": 4
          },
          {
            "filters": {
              "test": "in_contact_with_water",
              "operator": "==",
              "value": true
            },
            "cause": "drowning",
            "damage_per_tick": 1
          }
        ]
      },
      "minecraft:attack": {
        "damage": 7
      },
      "minecraft:follow_range": {
        "value": 32,
        "max": 32
      },
      "minecraft:collision_box": {
        "width": 0.6,
        "height": 2.9
      },
      "minecraft:teleport": {
        "random_teleports": true,
        "max_random_teleport_time": 30,
        "random_teleport_cube": [
          32,
          32,
          32
        ],
        "target_distance": 16,
        "target_teleport_chance": 0.05,
        "light_teleport_chance": 0.05
      },
      "minecraft:lookat": {
        "search_radius": 64.0,
        "set_target": true,
        "look_cooldown": 5.0,
        "filters": {
          "all_of": [
            {
              "subject": "other",
              "test": "is_family",
              "value": "player"
            },
            {
              "test": "has_equipment",
              "domain": "head",
              "subject": "other",
              "operator": "not",
              "value": "carved_pumpkin"
            }
          ]
        }
      },
      "minecraft:despawn": {
        "despawn_from_distance": {}
      },
      "minecraft:behavior.nearest_attackable_target": {
        "priority": 5,
        "must_see": true,
        "attack_interval": 10,
        "entity_types": [
          {
            "filters": {
              "test": "is_family",
              "subject": "other",
              "value": "endermite"
            },
            "max_dist": 64
          }
        ]
      },
      "minecraft:navigation.walk": {
        "can_path_over_water": false,
        "avoid_water": true
      },
      "minecraft:movement.basic": {},
      "minecraft:jump.static": {},
      "minecraft:can_climb": {},
      "minecraft:behavior.float": {
        "priority": 0
      },
      "minecraft:behavior.random_stroll": {
        "priority": 7,
        "speed_multiplier": 1.0
      },
      "minecraft:behavior.look_at_player": {
        "priority": 8,
        "look_distance": 8.0,
        "probability": 8.0
      },
      "minecraft:behavior.random_look_around": {
        "priority": 8
      },
      "minecraft:behavior.hurt_by_target": {
        "priority": 3
      },
      "minecraft:behavior.enderman_leave_block": {
        "priority": 10
      },
      "minecraft:behavior.enderman_take_block": {
        "priority": 11
      },
      "minecraft:physics": {},
      "minecraft:pushable": {
        "is_pushable": true,
        "is_pushable_by_piston": true
      },
      "minecraft:conditional_bandwidth_optimization": {
        "default_values": {
          "max_optimized_distance": 80.0,
          "max_dropped_ticks": 10,
          "use_motion_prediction_hints": true
        }
      }
    },
    "events": {
      "minecraft:entity_spawned": {
        "randomize": [
          {
            "weight": 9500,
            "add": {
              "component_groups": [
                "minecraft:enderman_calm"
              ]
            }
          },
          {
            "weight": 50,
            "add": {
              "component_groups": [
                "minecraft:enderman_calm",
                "elite_enderman",
                "elite_one_up"
              ]
            }
          },
          {
            "weight": 50,
            "add": {
              "component_groups": [
                "minecraft:enderman_calm",
                "elite_enderman",
                "elite_blastoff"
              ]
            }
          },
          {
            "weight": 50,
            "add": {
              "component_groups": [
                "minecraft:enderman_calm",
                "elite_enderman",
                "elite_bullwark"
              ]
            }
          },
          {
            "weight": 50,
            "add": {
              "component_groups": [
                "minecraft:enderman_calm",
                "elite_enderman",
                "elite_cloaking"
              ]
            }
          },
          {
            "weight": 50,
            "add": {
              "component_groups": [
                "minecraft:enderman_calm",
                "elite_enderman",
                "elite_darkness"
              ]
            }
          },
          {
            "weight": 50,
            "add": {
              "component_groups": [
                "minecraft:enderman_calm",
                "elite_enderman",
                "elite_exhaust"
              ]
            }
          },
          {
            "weight": 50,
            "add": {
              "component_groups": [
                "minecraft:enderman_calm",
                "elite_enderman",
                "elite_fiery"
              ]
            }
          },
          {
            "weight": 50,
            "add": {
              "component_groups": [
                "minecraft:enderman_calm",
                "elite_enderman",
                "elite_poisonous"
              ]
            }
          },
          {
            "weight": 50,
            "add": {
              "component_groups": [
                "minecraft:enderman_calm",
                "elite_enderman",
                "elite_quicksand"
              ]
            }
          },
          {
            "weight": 50,
            "add": {
              "component_groups": [
                "minecraft:enderman_calm",
                "elite_enderman",
                "elite_sapper"
              ]
            }
          },
          {
            "weight": 50,
            "add": {
              "component_groups": [
                "minecraft:enderman_calm",
                "elite_enderman",
                "elite_sprint"
              ]
            }
          },
          {
            "weight": 50,
            "add": {
              "component_groups": [
                "minecraft:enderman_calm",
                "elite_enderman",
                "elite_storm"
              ]
            }
          },
          {
            "weight": 50,
            "add": {
              "component_groups": [
                "minecraft:enderman_calm",
                "elite_enderman",
                "elite_weakness"
              ]
            }
          },
          {
            "weight": 50,
            "add": {
              "component_groups": [
                "minecraft:enderman_calm",
                "elite_enderman",
                "elite_webber"
              ]
            }
          },
          {
            "weight": 50,
            "add": {
              "component_groups": [
                "minecraft:enderman_calm",
                "elite_enderman",
                "elite_wither"
              ]
            }
          },
          {
            "weight": 25,
            "add": {
              "component_groups": [
                "minecraft:enderman_calm",
                "ultra_enderman",
                "ultra_one_up"
              ]
            }
          },
          {
            "weight": 25,
            "add": {
              "component_groups": [
                "minecraft:enderman_calm",
                "ultra_enderman",
                "ultra_blastoff"
              ]
            }
          },
          {
            "weight": 25,
            "add": {
              "component_groups": [
                "minecraft:enderman_calm",
                "ultra_enderman",
                "ultra_bullwark"
              ]
            }
          },
          {
            "weight": 25,
            "add": {
              "component_groups": [
                "minecraft:enderman_calm",
                "ultra_enderman",
                "ultra_cloaking"
              ]
            }
          },
          {
            "weight": 25,
            "add": {
              "component_groups": [
                "minecraft:enderman_calm",
                "ultra_enderman",
                "ultra_darkness"
              ]
            }
          },
          {
            "weight": 25,
            "add": {
              "component_groups": [
                "minecraft:enderman_calm",
                "ultra_enderman",
                "ultra_exhaust"
              ]
            }
          },
          {
            "weight": 25,
            "add": {
              "component_groups": [
                "minecraft:enderman_calm",
                "ultra_enderman",
                "ultra_fiery"
              ]
            }
          },
          {
            "weight": 25,
            "add": {
              "component_groups": [
                "minecraft:enderman_calm",
                "ultra_enderman",
                "ultra_poisonous"
              ]
            }
          },
          {
            "weight": 25,
            "add": {
              "component_groups": [
                "minecraft:enderman_calm",
                "ultra_enderman",
                "ultra_quicksand"
              ]
            }
          },
          {
            "weight": 25,
            "add": {
              "component_groups": [
                "minecraft:enderman_calm",
                "ultra_enderman",
                "ultra_sapper"
              ]
            }
          },
          {
            "weight": 25,
            "add": {
              "component_groups": [
                "minecraft:enderman_calm",
                "ultra_enderman",
                "ultra_sprint"
              ]
            }
          },
          {
            "weight": 25,
            "add": {
              "component_groups": [
                "minecraft:enderman_calm",
                "ultra_enderman",
                "ultra_storm"
              ]
            }
          },
          {
            "weight": 25,
            "add": {
              "component_groups": [
                "minecraft:enderman_calm",
                "ultra_enderman",
                "ultra_weakness"
              ]
            }
          },
          {
            "weight": 25,
            "add": {
              "component_groups": [
                "minecraft:enderman_calm",
                "ultra_enderman",
                "ultra_webber"
              ]
            }
          },
          {
            "weight": 25,
            "add": {
              "component_groups": [
                "minecraft:enderman_calm",
                "ultra_enderman",
                "ultra_wither"
              ]
            }
          },
          {
            "weight": 5,
            "add": {
              "component_groups": [
                "minecraft:enderman_calm",
                "infernal_enderman",
                "infernal_one_up"
              ]
            }
          },
          {
            "weight": 5,
            "add": {
              "component_groups": [
                "minecraft:enderman_calm",
                "infernal_enderman",
                "infernal_blastoff"
              ]
            }
          },
          {
            "weight": 5,
            "add": {
              "component_groups": [
                "minecraft:enderman_calm",
                "infernal_enderman",
                "infernal_bullwark"
              ]
            }
          },
          {
            "weight": 5,
            "add": {
              "component_groups": [
                "minecraft:enderman_calm",
                "infernal_enderman",
                "infernal_cloaking"
              ]
            }
          },
          {
            "weight": 5,
            "add": {
              "component_groups": [
                "minecraft:enderman_calm",
                "infernal_enderman",
                "infernal_darkness"
              ]
            }
          },
          {
            "weight": 5,
            "add": {
              "component_groups": [
                "minecraft:enderman_calm",
                "infernal_enderman",
                "infernal_exhaust"
              ]
            }
          },
          {
            "weight": 5,
            "add": {
              "component_groups": [
                "minecraft:enderman_calm",
                "infernal_enderman",
                "infernal_fiery"
              ]
            }
          },
          {
            "weight": 5,
            "add": {
              "component_groups": [
                "minecraft:enderman_calm",
                "infernal_enderman",
                "infernal_poisonous"
              ]
            }
          },
          {
            "weight": 5,
            "add": {
              "component_groups": [
                "minecraft:enderman_calm",
                "infernal_enderman",
                "infernal_quicksand"
              ]
            }
          },
          {
            "weight": 5,
            "add": {
              "component_groups": [
                "minecraft:enderman_calm",
                "infernal_enderman",
                "infernal_sapper"
              ]
            }
          },
          {
            "weight": 5,
            "add": {
              "component_groups": [
                "minecraft:enderman_calm",
                "infernal_enderman",
                "infernal_sprint"
              ]
            }
          },
          {
            "weight": 5,
            "add": {
              "component_groups": [
                "minecraft:enderman_calm",
                "infernal_enderman",
                "infernal_storm"
              ]
            }
          },
          {
            "weight": 5,
            "add": {
              "component_groups": [
                "minecraft:enderman_calm",
                "infernal_enderman",
                "infernal_weakness"
              ]
            }
          },
          {
            "weight": 5,
            "add": {
              "component_groups": [
                "minecraft:enderman_calm",
                "infernal_enderman",
                "infernal_webber"
              ]
            }
          },
          {
            "weight": 5,
            "add": {
              "component_groups": [
                "minecraft:enderman_calm",
                "infernal_enderman",
                "infernal_wither"
              ]
            }
          }
        ]
      },
      "minecraft:become_angry": {
        "remove": {
          "component_groups": [
            "minecraft:enderman_calm"
          ]
        },
        "add": {
          "component_groups": [
            "minecraft:enderman_angry"
          ]
        }
      },
      "minecraft:on_calm": {
        "remove": {
          "component_groups": [
            "minecraft:enderman_angry"
          ]
        },
        "add": {
          "component_groups": [
            "minecraft:enderman_calm"
          ]
        }
      },
      "one_up": {
        "run_command": {
          "command": [
            "effect @s [tag=!one_up] instant_health 1 255 true",
            "tag @s one_up"
          ]
        }
      },
      "blastoff": {
        "run_command": {
          "command": [
            "effect @e [type=player,r=10] levitation 1 13"
          ]
        }
      },
      "exhaust": {
        "run_command": {
          "command": [
            "effect @e [type=player,r=10] clear"
          ]
        }
      },
      "fiery": {
        "run_command": {
          "command": [
            "execute as @e [type=player,r=10] as @s run fill ~~~ ~~~ fire replace air"
          ]
        }
      },
      "storm": {
        "run_command": {
          "command": [
            "execute as @e [type=player,r=10] as @s run summon lightning_bolt"
          ]
        }
      },
      "webber": {
        "run_command": {
          "command": [
            "execute as @e [type=player,r=10] as @s run fill ~~~ ~~~ web replace air"
          ]
        }
      }
    }
  }
}