{
  "format_version": "1.20.10",
  "minecraft:entity": {
    "description": {
      "identifier": "minecraft:husk",
      "is_spawnable": true,
      "is_summonable": true,
      "is_experimental": false
    },
    "component_groups": {
      "minecraft:look_to_start_zombie_transformation": {
        "minecraft:environment_sensor": {
          "triggers": {
            "filters": {
              "test": "is_underwater",
              "subject": "self",
              "operator": "==",
              "value": true
            },
            "event": "minecraft:start_transforming"
          }
        }
      },
      "minecraft:start_zombie_transformation": {
        "minecraft:environment_sensor": {
          "triggers": {
            "filters": {
              "test": "is_underwater",
              "subject": "self",
              "operator": "==",
              "value": false
            },
            "event": "minecraft:stop_transforming"
          }
        },
        "minecraft:timer": {
          "looping": false,
          "time": 30,
          "time_down_event": {
            "event": "minecraft:convert_to_zombie"
          }
        }
      },
      "minecraft:convert_to_zombie": {
        "minecraft:transformation": {
          "into": "minecraft:zombie<minecraft:as_adult>",
          "transformation_sound": "mob.husk.convert_to_zombie",
          "drop_equipment": true,
          "delay": {
            "value": 15
          }
        },
        "minecraft:is_shaking": {}
      },
      "minecraft:convert_to_baby_zombie": {
        "minecraft:transformation": {
          "into": "minecraft:zombie<minecraft:as_baby>",
          "transformation_sound": "mob.husk.convert_to_zombie",
          "drop_equipment": true,
          "delay": {
            "value": 15
          }
        },
        "minecraft:is_shaking": {}
      },
      "minecraft:zombie_husk_baby": {
        "minecraft:experience_reward": {
          "on_death": "query.last_hit_by_player ? 12 + (query.equipment_count * Math.Random(1,3)) : 0"
        },
        "minecraft:is_baby": {},
        "minecraft:scale": {
          "value": 0.5
        },
        "minecraft:movement": {
          "value": 0.35
        }
      },
      "minecraft:zombie_husk_adult": {
        "minecraft:experience_reward": {
          "on_death": "query.last_hit_by_player ? 5 + (query.equipment_count * Math.Random(1,3)) : 0"
        },
        "minecraft:movement": {
          "value": 0.23
        },
        "minecraft:rideable": {
          "seat_count": 1,
          "family_types": [
            "zombie"
          ],
          "seats": {
            "position": [
              0.0,
              1.1,
              -0.35
            ],
            "lock_rider_rotation": 0
          }
        },
        "minecraft:behavior.mount_pathing": {
          "priority": 2,
          "speed_multiplier": 1.25,
          "target_dist": 0.0,
          "track_target": true
        }
      },
      "minecraft:zombie_husk_jockey": {
        "minecraft:behavior.find_mount": {
          "priority": 1,
          "within_radius": 16
        }
      },
      "minecraft:can_break_doors": {
        "minecraft:annotation.break_door": {}
      },
      "elite_husk": {
        "minecraft:health": {
          "value": 40,
          "max": 40
        },
        "minecraft:loot": {
          "table": "loot_tables/entities/tartarean/elite_zombie.json"
        },
        "minecraft:experience_reward": {
          "on_death": "query.last_hit_by_player ? 20 + (query.equipment_count * Math.Random(1,3)) : 0"
        },
        "minecraft:spell_effects": {
          "add_effects": [
            {
              "effect": "conduit_power",
              "duration": 999999,
              "visible": true
            },
            {
              "effect": "fire_resistance",
              "duration": 999999,
              "visible": false
            }
          ]
        },
        "minecraft:attack": {
          "damage": 6,
          "effect_name": "hunger",
          "effect_duration": 30
        },
        "minecraft:despawn": {
          "despawn_from_distance": {
            "min_distance": 64,
            "max_distance": 256
          }
        }
      },
      "elite_one_up": {
        "minecraft:boss": {
          "hud_range": 10,
          "name": "§bElite Twin Lived Husk of Recurrence"
        },
        "minecraft:damage_sensor": {
          "triggers": {
            "on_damage": {
              "filters": {
                "all_of": [
                  {
                    "test": "has_damage",
                    "value": "fatal"
                  },
                  {
                    "test": "is_family",
                    "subject": "other",
                    "value": "player"
                  }
                ]
              },
              "event": "one_up",
              "target": "self"
            }
          }
        }
      },
      "elite_berserk": {
        "minecraft:boss": {
          "hud_range": 10,
          "name": "§bElite Raging Husk of Smashing"
        },
        "minecraft:attack": {
          "damage": 12,
          "effect_name": "hunger",
          "effect_duration": 30
        }
      },
      "elite_blastoff": {
        "minecraft:boss": {
          "hud_range": 10,
          "name": "§bElite Trolling Husk the NASA"
        },
        "minecraft:timer": {
          "time": [
            10,
            15
          ],
          "time_down_event": {
            "event": "blastoff"
          },
          "randomInterval": true,
          "looping": true
        }
      },
      "elite_bullwark": {
        "minecraft:boss": {
          "hud_range": 10,
          "name": "§bElite Armoured Husk the Defender"
        },
        "minecraft:spell_effects": {
          "add_effects": [
            {
              "effect": "conduit_power",
              "duration": 999999,
              "visible": true
            },
            {
              "effect": "fire_resistance",
              "duration": 999999,
              "visible": false
            },
            {
              "effect": "resistance",
              "duration": 999999,
              "amplifier": 1,
              "visible": false
            }
          ]
        }
      },
      "elite_cloaking": {
        "minecraft:boss": {
          "hud_range": 10,
          "name": "§bElite Unseen Husk of Stalking"
        },
        "minecraft:spell_effects": {
          "add_effects": [
            {
              "effect": "conduit_power",
              "duration": 999999,
              "visible": true
            },
            {
              "effect": "fire_resistance",
              "duration": 999999,
              "visible": false
            },
            {
              "effect": "invisibility",
              "duration": 999999,
              "visible": false
            }
          ]
        }
      },
      "elite_fiery": {
        "minecraft:boss": {
          "hud_range": 10,
          "name": "§bElite Burning Husk of Crispyness"
        },
        "minecraft:timer": {
          "time": [
            10,
            15
          ],
          "time_down_event": {
            "event": "fiery"
          },
          "randomInterval": true,
          "looping": true
        }
      },
      "elite_sprint": {
        "minecraft:boss": {
          "hud_range": 10,
          "name": "§bElite Sprinting Husk of Bolting"
        },
        "minecraft:spell_effects": {
          "add_effects": [
            {
              "effect": "conduit_power",
              "duration": 999999,
              "visible": true
            },
            {
              "effect": "fire_resistance",
              "duration": 999999,
              "visible": false
            },
            {
              "effect": "speed",
              "duration": 999999,
              "amplifier": 1,
              "visible": false
            }
          ]
        }
      },
      "elite_storm": {
        "minecraft:boss": {
          "hud_range": 10,
          "name": "§bElite Striking Husk of Lightning"
        },
        "minecraft:timer": {
          "time": [
            10,
            15
          ],
          "time_down_event": {
            "event": "storm"
          },
          "randomInterval": true,
          "looping": true
        }
      },
      "elite_webber": {
        "minecraft:boss": {
          "hud_range": 10,
          "name": "§bElite Webbing Husk the Spider"
        },
        "minecraft:timer": {
          "time": [
            10,
            15
          ],
          "time_down_event": {
            "event": "webber"
          },
          "randomInterval": true,
          "looping": true
        }
      },
      "ultra_husk": {
        "minecraft:health": {
          "value": 60,
          "max": 60
        },
        "minecraft:loot": {
          "table": "loot_tables/entities/tartarean/ultra_zombie.json"
        },
        "minecraft:experience_reward": {
          "on_death": "query.last_hit_by_player ? 40 + (query.equipment_count * Math.Random(1,3)) : 0"
        },
        "minecraft:spell_effects": {
          "add_effects": [
            {
              "effect": "haste",
              "duration": 999999,
              "visible": true
            },
            {
              "effect": "fire_resistance",
              "duration": 999999,
              "visible": false
            }
          ]
        },
        "minecraft:attack": {
          "damage": 9,
          "effect_name": "hunger",
          "effect_duration": 30
        },
        "minecraft:despawn": {
          "despawn_from_distance": {
            "min_distance": 64,
            "max_distance": 256
          }
        }
      },
      "ultra_one_up": {
        "minecraft:boss": {
          "hud_range": 20,
          "name": "§eUltra Undying Husk of Twin Lives"
        },
        "minecraft:damage_sensor": {
          "triggers": {
            "on_damage": {
              "filters": {
                "all_of": [
                  {
                    "test": "has_damage",
                    "value": "fatal"
                  },
                  {
                    "test": "is_family",
                    "subject": "other",
                    "value": "player"
                  }
                ]
              },
              "event": "one_up",
              "target": "self"
            }
          }
        }
      },
      "ultra_berserk": {
        "minecraft:boss": {
          "hud_range": 20,
          "name": "§eUltra Reckless Husk of Raging"
        },
        "minecraft:attack": {
          "damage": 18,
          "effect_name": "hunger",
          "effect_duration": 30
        }
      },
      "ultra_blastoff": {
        "minecraft:boss": {
          "hud_range": 20,
          "name": "§eUltra Thumping Husk of Mission Control"
        },
        "minecraft:timer": {
          "time": [
            10,
            15
          ],
          "time_down_event": {
            "event": "blastoff"
          },
          "randomInterval": true,
          "looping": true
        }
      },
      "ultra_bullwark": {
        "minecraft:boss": {
          "hud_range": 20,
          "name": "§eUltra Defensive Husk of Turtling"
        },
        "minecraft:spell_effects": {
          "add_effects": [
            {
              "effect": "haste",
              "duration": 999999,
              "visible": true
            },
            {
              "effect": "fire_resistance",
              "duration": 999999,
              "visible": false
            },
            {
              "effect": "resistance",
              "duration": 999999,
              "amplifier": 2,
              "visible": false
            }
          ]
        }
      },
      "ultra_cloaking": {
        "minecraft:boss": {
          "hud_range": 20,
          "name": "§eUltra Stalking Husk the Unseen"
        },
        "minecraft:spell_effects": {
          "add_effects": [
            {
              "effect": "haste",
              "duration": 999999,
              "visible": true
            },
            {
              "effect": "fire_resistance",
              "duration": 999999,
              "visible": false
            },
            {
              "effect": "invisibility",
              "duration": 999999,
              "visible": false
            }
          ]
        }
      },
      "ultra_fiery": {
        "minecraft:boss": {
          "hud_range": 20,
          "name": "§eUltra Toasting Husk of Crispyness"
        },
        "minecraft:timer": {
          "time": [
            7,
            13
          ],
          "time_down_event": {
            "event": "fiery"
          },
          "randomInterval": true,
          "looping": true
        }
      },
      "ultra_sprint": {
        "minecraft:boss": {
          "hud_range": 20,
          "name": "§eUltra Charging Husk the Swift One"
        },
        "minecraft:spell_effects": {
          "add_effects": [
            {
              "effect": "haste",
              "duration": 999999,
              "visible": true
            },
            {
              "effect": "fire_resistance",
              "duration": 999999,
              "visible": false
            },
            {
              "effect": "speed",
              "duration": 999999,
              "amplifier": 2,
              "visible": false
            }
          ]
        }
      },
      "ultra_storm": {
        "minecraft:boss": {
          "hud_range": 20,
          "name": "§eUltra Thundering Husk of Striking"
        },
        "minecraft:timer": {
          "time": [
            10,
            15
          ],
          "time_down_event": {
            "event": "storm"
          },
          "randomInterval": true,
          "looping": true
        }
      },
      "ultra_webber": {
        "minecraft:boss": {
          "hud_range": 20,
          "name": "§eUltra Ensnaring Husk the Deceiver"
        },
        "minecraft:timer": {
          "time": [
            10,
            15
          ],
          "time_down_event": {
            "event": "webber"
          },
          "randomInterval": true,
          "looping": true
        }
      },
      "infernal_husk": {
        "minecraft:health": {
          "value": 80,
          "max": 80
        },
        "minecraft:loot": {
          "table": "loot_tables/entities/tartarean/infernal_zombie.json"
        },
        "minecraft:experience_reward": {
          "on_death": "query.last_hit_by_player ? 60 + (query.equipment_count * Math.Random(1,3)) : 0"
        },
        "minecraft:spell_effects": {
          "add_effects": [
            {
              "effect": "saturation",
              "duration": 999999,
              "visible": true
            },
            {
              "effect": "fire_resistance",
              "duration": 999999,
              "visible": false
            }
          ]
        },
        "minecraft:attack": {
          "damage": 12,
          "effect_name": "hunger",
          "effect_duration": 30
        },
        "minecraft:despawn": {
          "despawn_from_distance": {
            "min_distance": 64,
            "max_distance": 256
          }
        }
      },
      "infernal_one_up": {
        "minecraft:boss": {
          "hud_range": 30,
          "name": "§cInfernal Recurrence Husk the Undying"
        },
        "minecraft:damage_sensor": {
          "triggers": {
            "on_damage": {
              "filters": {
                "all_of": [
                  {
                    "test": "has_damage",
                    "value": "fatal"
                  },
                  {
                    "test": "is_family",
                    "subject": "other",
                    "value": "player"
                  }
                ]
              },
              "event": "one_up",
              "target": "self"
            }
          }
        }
      },
      "infernal_berserk": {
        "minecraft:boss": {
          "hud_range": 10,
          "name": "§cInfernal Smashing Husk of Recklessness"
        },
        "minecraft:attack": {
          "damage": 24,
          "effect_name": "hunger",
          "effect_duration": 30
        }
      },
      "infernal_blastoff": {
        "minecraft:boss": {
          "hud_range": 30,
          "name": "§cInfernal Byebye Husk of WEEEE"
        },
        "minecraft:timer": {
          "time": [
            10,
            15
          ],
          "time_down_event": {
            "event": "blastoff"
          },
          "randomInterval": true,
          "looping": true
        }
      },
      "infernal_bullwark": {
        "minecraft:boss": {
          "hud_range": 30,
          "name": "§cInfernal Turtling Husk of Effing Armor"
        },
        "minecraft:spell_effects": {
          "add_effects": [
            {
              "effect": "saturation",
              "duration": 999999,
              "visible": true
            },
            {
              "effect": "fire_resistance",
              "duration": 999999,
              "visible": false
            },
            {
              "effect": "resistance",
              "duration": 999999,
              "amplifier": 3,
              "visible": false
            }
          ]
        }
      },
      "infernal_cloaking": {
        "minecraft:boss": {
          "hud_range": 30,
          "name": "§cInfernal Hunting Husk the Predator"
        },
        "minecraft:spell_effects": {
          "add_effects": [
            {
              "effect": "saturation",
              "duration": 999999,
              "visible": true
            },
            {
              "effect": "fire_resistance",
              "duration": 999999,
              "visible": false
            },
            {
              "effect": "invisibility",
              "duration": 999999,
              "visible": false
            }
          ]
        }
      },
      "infernal_fiery": {
        "minecraft:boss": {
          "hud_range": 30,
          "name": "§cInfernal Toasting Husk the Pheonix"
        },
        "minecraft:timer": {
          "time": [
            5,
            10
          ],
          "time_down_event": {
            "event": "fiery"
          },
          "randomInterval": true,
          "looping": true
        }
      },
      "infernal_sprint": {
        "minecraft:boss": {
          "hud_range": 30,
          "name": "§cInfernal Swift Husk of Being In Your Face"
        },
        "minecraft:spell_effects": {
          "add_effects": [
            {
              "effect": "saturation",
              "duration": 999999,
              "visible": true
            },
            {
              "effect": "fire_resistance",
              "duration": 999999,
              "visible": false
            },
            {
              "effect": "speed",
              "duration": 999999,
              "amplifier": 3,
              "visible": false
            }
          ]
        }
      },
      "infernal_storm": {
        "minecraft:boss": {
          "hud_range": 30,
          "name": "§cInfernal Electrified Husk the Raiden"
        },
        "minecraft:timer": {
          "time": [
            10,
            15
          ],
          "time_down_event": {
            "event": "storm"
          },
          "randomInterval": true,
          "looping": true
        }
      },
      "infernal_webber": {
        "minecraft:boss": {
          "hud_range": 30,
          "name": "§cInfernal Deceiving Husk of Traps"
        },
        "minecraft:timer": {
          "time": [
            10,
            15
          ],
          "time_down_event": {
            "event": "webber"
          },
          "randomInterval": true,
          "looping": true
        }
      }
    },
    "components": {
      "minecraft:is_hidden_when_invisible": {},
      "minecraft:breathable": {
        "total_supply": 15,
        "suffocate_time": 0,
        "breathes_water": true
      },
      "minecraft:equip_item": {
        "excluded_items": [
          {
            "item": "minecraft:banner:15"
          }
        ]
      },
      "minecraft:collision_box": {
        "width": 0.6,
        "height": 1.9
      },
      "minecraft:nameable": {},
      "minecraft:type_family": {
        "family": [
          "husk",
          "zombie",
          "undead",
          "monster",
          "mob"
        ]
      },
      "minecraft:loot": {
        "table": "loot_tables/entities/zombie.json"
      },
      "minecraft:equipment": {
        "table": "loot_tables/entities/zombie_equipment.json"
      },
      "minecraft:health": {
        "value": 20,
        "max": 20
      },
      "minecraft:hurt_on_condition": {
        "damage_conditions": [
          {
            "filters": {
              "test": "in_lava",
              "subject": "self",
              "operator": "==",
              "value": true
            },
            "cause": "lava",
            "damage_per_tick": 4
          }
        ]
      },
      "minecraft:attack": {
        "damage": 3,
        "effect_name": "hunger",
        "effect_duration": 30
      },
      "minecraft:variant": {
        "value": 2
      },
      "minecraft:conditional_bandwidth_optimization": {},
      "minecraft:navigation.walk": {
        "is_amphibious": true,
        "can_pass_doors": true,
        "can_break_doors": true,
        "avoid_portals": false
      },
      "minecraft:movement.basic": {},
      "minecraft:jump.static": {},
      "minecraft:can_climb": {},
      "minecraft:shareables": {
        "singular_pickup": true,
        "items": [
          {
            "item": "minecraft:netherite_sword",
            "want_amount": 1,
            "surplus_amount": 1,
            "priority": 0
          },
          {
            "item": "minecraft:diamond_sword",
            "want_amount": 1,
            "surplus_amount": 1,
            "priority": 1
          },
          {
            "item": "minecraft:iron_sword",
            "want_amount": 1,
            "surplus_amount": 1,
            "priority": 2
          },
          {
            "item": "minecraft:golden_sword",
            "want_amount": 1,
            "surplus_amount": 1,
            "priority": 3
          },
          {
            "item": "minecraft:stone_sword",
            "want_amount": 1,
            "surplus_amount": 1,
            "priority": 4
          },
          {
            "item": "minecraft:wooden_sword",
            "want_amount": 1,
            "surplus_amount": 1,
            "priority": 5
          },
          {
            "item": "minecraft:netherite_helmet",
            "want_amount": 1,
            "surplus_amount": 1,
            "priority": 0
          },
          {
            "item": "minecraft:diamond_helmet",
            "want_amount": 1,
            "surplus_amount": 1,
            "priority": 1
          },
          {
            "item": "minecraft:iron_helmet",
            "want_amount": 1,
            "surplus_amount": 1,
            "priority": 2
          },
          {
            "item": "minecraft:chainmail_helmet",
            "want_amount": 1,
            "surplus_amount": 1,
            "priority": 3
          },
          {
            "item": "minecraft:golden_helmet",
            "want_amount": 1,
            "surplus_amount": 1,
            "priority": 4
          },
          {
            "item": "minecraft:leather_helmet",
            "want_amount": 1,
            "surplus_amount": 1,
            "priority": 5
          },
          {
            "item": "minecraft:turtle_helmet",
            "want_amount": 1,
            "surplus_amount": 1,
            "priority": 6
          },
          {
            "item": "minecraft:skull:0",
            "want_amount": 1,
            "surplus_amount": 1,
            "priority": 7
          },
          {
            "item": "minecraft:skull:1",
            "want_amount": 1,
            "surplus_amount": 1,
            "priority": 7
          },
          {
            "item": "minecraft:carved_pumpkin",
            "want_amount": 1,
            "surplus_amount": 1,
            "priority": 7
          },
          {
            "item": "minecraft:netherite_chestplate",
            "want_amount": 1,
            "surplus_amount": 1,
            "priority": 0
          },
          {
            "item": "minecraft:diamond_chestplate",
            "want_amount": 1,
            "surplus_amount": 1,
            "priority": 1
          },
          {
            "item": "minecraft:iron_chestplate",
            "want_amount": 1,
            "surplus_amount": 1,
            "priority": 2
          },
          {
            "item": "minecraft:chainmail_chestplate",
            "want_amount": 1,
            "surplus_amount": 1,
            "priority": 3
          },
          {
            "item": "minecraft:golden_chestplate",
            "want_amount": 1,
            "surplus_amount": 1,
            "priority": 4
          },
          {
            "item": "minecraft:leather_chestplate",
            "want_amount": 1,
            "surplus_amount": 1,
            "priority": 5
          },
          {
            "item": "minecraft:netherite_leggings",
            "want_amount": 1,
            "surplus_amount": 1,
            "priority": 0
          },
          {
            "item": "minecraft:diamond_leggings",
            "want_amount": 1,
            "surplus_amount": 1,
            "priority": 1
          },
          {
            "item": "minecraft:iron_leggings",
            "want_amount": 1,
            "surplus_amount": 1,
            "priority": 2
          },
          {
            "item": "minecraft:chainmail_leggings",
            "want_amount": 1,
            "surplus_amount": 1,
            "priority": 3
          },
          {
            "item": "minecraft:golden_leggings",
            "want_amount": 1,
            "surplus_amount": 1,
            "priority": 4
          },
          {
            "item": "minecraft:leather_leggings",
            "want_amount": 1,
            "surplus_amount": 1,
            "priority": 5
          },
          {
            "item": "minecraft:netherite_boots",
            "want_amount": 1,
            "surplus_amount": 1,
            "priority": 0
          },
          {
            "item": "minecraft:diamond_boots",
            "want_amount": 1,
            "surplus_amount": 1,
            "priority": 1
          },
          {
            "item": "minecraft:iron_boots",
            "want_amount": 1,
            "surplus_amount": 1,
            "priority": 2
          },
          {
            "item": "minecraft:chainmail_boots",
            "want_amount": 1,
            "surplus_amount": 1,
            "priority": 3
          },
          {
            "item": "minecraft:golden_boots",
            "want_amount": 1,
            "surplus_amount": 1,
            "priority": 4
          },
          {
            "item": "minecraft:leather_boots",
            "want_amount": 1,
            "surplus_amount": 1,
            "priority": 5
          }
        ]
      },
      "minecraft:environment_sensor": {
        "triggers": [
          {
            "filters": {
              "test": "is_underwater",
              "subject": "self",
              "operator": "==",
              "value": true
            },
            "event": "minecraft:start_transforming"
          }
        ]
      },
      "minecraft:despawn": {
        "despawn_from_distance": {}
      },
      "minecraft:behavior.equip_item": {
        "priority": 2
      },
      "minecraft:behavior.melee_attack": {
        "can_spread_on_fire": true,
        "priority": 3
      },
      "minecraft:behavior.stomp_turtle_egg": {
        "priority": 4,
        "speed_multiplier": 1,
        "search_range": 10,
        "search_height": 2,
        "goal_radius": 1.14,
        "interval": 20
      },
      "minecraft:behavior.pickup_items": {
        "priority": 6,
        "max_dist": 3,
        "goal_radius": 2,
        "speed_multiplier": 1.0,
        "pickup_based_on_chance": true,
        "can_pickup_any_item": true,
        "excluded_items": [
          "minecraft:glow_ink_sac"
        ]
      },
      "minecraft:behavior.random_stroll": {
        "priority": 7,
        "speed_multiplier": 1
      },
      "minecraft:behavior.look_at_player": {
        "priority": 8,
        "look_distance": 6,
        "probability": 0.02
      },
      "minecraft:behavior.random_look_around": {
        "priority": 9
      },
      "minecraft:behavior.hurt_by_target": {
        "priority": 1
      },
      "minecraft:behavior.nearest_attackable_target": {
        "priority": 2,
        "must_see": true,
        "reselect_targets": true,
        "within_radius": 25.0,
        "entity_types": [
          {
            "filters": {
              "any_of": [
                {
                  "test": "is_family",
                  "subject": "other",
                  "value": "player"
                },
                {
                  "test": "is_family",
                  "subject": "other",
                  "value": "snowgolem"
                },
                {
                  "test": "is_family",
                  "subject": "other",
                  "value": "irongolem"
                }
              ]
            },
            "max_dist": 35
          },
          {
            "filters": {
              "any_of": [
                {
                  "test": "is_family",
                  "subject": "other",
                  "value": "villager"
                },
                {
                  "test": "is_family",
                  "subject": "other",
                  "value": "wandering_trader"
                }
              ]
            },
            "max_dist": 35,
            "must_see": false
          },
          {
            "filters": {
              "all_of": [
                {
                  "test": "is_family",
                  "subject": "other",
                  "value": "baby_turtle"
                },
                {
                  "test": "in_water",
                  "subject": "other",
                  "operator": "!=",
                  "value": true
                }
              ]
            },
            "max_dist": 35
          }
        ]
      },
      "minecraft:physics": {},
      "minecraft:pushable": {
        "is_pushable": true,
        "is_pushable_by_piston": true
      }
    },
    "events": {
      "minecraft:entity_spawned": {
        "sequence": [
          {
            "randomize": [
              {
                "weight": 9500,
                "remove": {},
                "add": {
                  "component_groups": [
                    "minecraft:zombie_husk_adult"
                  ]
                }
              },
              {
                "weight": 425,
                "remove": {},
                "add": {
                  "component_groups": [
                    "minecraft:zombie_husk_baby"
                  ]
                }
              },
              {
                "weight": 75,
                "remove": {},
                "add": {
                  "component_groups": [
                    "minecraft:zombie_husk_baby",
                    "minecraft:zombie_husk_jockey"
                  ]
                }
              }
            ]
          },
          {
            "randomize": [
              {
                "weight": 10,
                "add": {
                  "component_groups": [
                    "minecraft:can_break_doors"
                  ]
                }
              },
              {
                "weight": 90
              }
            ]
          },
          {
            "randomize": [
              {
                "weight": 9500
              },
              {
                "weight": 50,
                "add": {
                  "component_groups": [
                    "elite_husk",
                    "elite_one_up"
                  ]
                },
                "remove": {}
              },
              {
                "weight": 50,
                "add": {
                  "component_groups": [
                    "elite_husk",
                    "elite_berserk"
                  ]
                },
                "remove": {}
              },
              {
                "weight": 50,
                "add": {
                  "component_groups": [
                    "elite_husk",
                    "elite_blastoff"
                  ]
                },
                "remove": {}
              },
              {
                "weight": 50,
                "add": {
                  "component_groups": [
                    "elite_husk",
                    "elite_bullwark"
                  ]
                },
                "remove": {}
              },
              {
                "weight": 50,
                "add": {
                  "component_groups": [
                    "elite_husk",
                    "elite_cloaking"
                  ]
                },
                "remove": {}
              },
              {
                "weight": 50,
                "add": {
                  "component_groups": [
                    "elite_husk",
                    "elite_fiery"
                  ]
                },
                "remove": {}
              },
              {
                "weight": 50,
                "add": {
                  "component_groups": [
                    "elite_husk",
                    "elite_sprint"
                  ]
                },
                "remove": {}
              },
              {
                "weight": 50,
                "add": {
                  "component_groups": [
                    "elite_husk",
                    "elite_storm"
                  ]
                },
                "remove": {}
              },
              {
                "weight": 50,
                "add": {
                  "component_groups": [
                    "elite_husk",
                    "elite_webber"
                  ]
                },
                "remove": {}
              },
              {
                "weight": 25,
                "add": {
                  "component_groups": [
                    "ultra_husk",
                    "ultra_one_up"
                  ]
                },
                "remove": {}
              },
              {
                "weight": 25,
                "add": {
                  "component_groups": [
                    "ultra_husk",
                    "ultra_berserk"
                  ]
                },
                "remove": {}
              },
              {
                "weight": 25,
                "add": {
                  "component_groups": [
                    "ultra_husk",
                    "ultra_blastoff"
                  ]
                },
                "remove": {}
              },
              {
                "weight": 25,
                "add": {
                  "component_groups": [
                    "ultra_husk",
                    "ultra_bullwark"
                  ]
                },
                "remove": {}
              },
              {
                "weight": 25,
                "remove": {},
                "add": {
                  "component_groups": [
                    "ultra_husk",
                    "ultra_cloaking"
                  ]
                }
              },
              {
                "weight": 25,
                "remove": {},
                "add": {
                  "component_groups": [
                    "ultra_husk",
                    "ultra_fiery"
                  ]
                }
              },
              {
                "weight": 25,
                "remove": {},
                "add": {
                  "component_groups": [
                    "ultra_husk",
                    "ultra_sprint"
                  ]
                }
              },
              {
                "weight": 25,
                "remove": {},
                "add": {
                  "component_groups": [
                    "ultra_husk",
                    "ultra_storm"
                  ]
                }
              },
              {
                "weight": 25,
                "remove": {},
                "add": {
                  "component_groups": [
                    "ultra_husk",
                    "ultra_webber"
                  ]
                }
              },
              {
                "weight": 5,
                "remove": {},
                "add": {
                  "component_groups": [
                    "infernal_husk",
                    "infernal_one_up"
                  ]
                }
              },
              {
                "weight": 5,
                "remove": {},
                "add": {
                  "component_groups": [
                    "infernal_husk",
                    "infernal_berserk"
                  ]
                }
              },
              {
                "weight": 5,
                "remove": {},
                "add": {
                  "component_groups": [
                    "infernal_husk",
                    "infernal_blastoff"
                  ]
                }
              },
              {
                "weight": 5,
                "remove": {},
                "add": {
                  "component_groups": [
                    "infernal_husk",
                    "infernal_bullwark"
                  ]
                }
              },
              {
                "weight": 5,
                "remove": {},
                "add": {
                  "component_groups": [
                    "infernal_husk",
                    "infernal_cloaking"
                  ]
                }
              },
              {
                "weight": 5,
                "remove": {},
                "add": {
                  "component_groups": [
                    "infernal_husk",
                    "infernal_fiery"
                  ]
                }
              },
              {
                "weight": 5,
                "remove": {},
                "add": {
                  "component_groups": [
                    "infernal_husk",
                    "infernal_sprint"
                  ]
                }
              },
              {
                "weight": 5,
                "remove": {},
                "add": {
                  "component_groups": [
                    "infernal_husk",
                    "infernal_storm"
                  ]
                }
              },
              {
                "weight": 5,
                "remove": {},
                "add": {
                  "component_groups": [
                    "infernal_husk",
                    "infernal_webber"
                  ]
                }
              }
            ]
          }
        ]
      },
      "minecraft:start_transforming": {
        "add": {
          "component_groups": [
            "minecraft:start_zombie_transformation"
          ]
        },
        "remove": {
          "component_groups": [
            "minecraft:look_to_start_zombie_transformation"
          ]
        }
      },
      "minecraft:stop_transforming": {
        "add": {
          "component_groups": [
            "minecraft:look_to_start_zombie_transformation"
          ]
        },
        "remove": {
          "component_groups": [
            "minecraft:start_zombie_transformation"
          ]
        }
      },
      "minecraft:convert_to_zombie": {
        "sequence": [
          {
            "filters": {
              "test": "has_component",
              "operator": "!=",
              "value": "minecraft:is_baby"
            },
            "add": {
              "component_groups": [
                "minecraft:convert_to_zombie"
              ]
            },
            "remove": {
              "component_groups": [
                "minecraft:start_zombie_transformation"
              ]
            }
          },
          {
            "filters": {
              "test": "has_component",
              "value": "minecraft:is_baby"
            },
            "add": {
              "component_groups": [
                "minecraft:convert_to_baby_zombie"
              ]
            },
            "remove": {
              "component_groups": [
                "minecraft:start_zombie_transformation"
              ]
            }
          }
        ]
      },
      "one_up": {
        "run_command": {
          "command": [
            "effect @s [tag=!one_up] instant_damage 1 255 true",
            "tag @s one_up"
          ]
        }
      },
      "blastoff": {
        "run_command": {
          "command": [
            "effect @a [r=10] levitation 1 13"
          ]
        }
      },
      "fiery": {
        "run_command": {
          "command": [
            "execute as @e [type=player,r=10] as @s run fill ~~~ ~~~ fire replace air"
          ]
        }
      },
      "storm": {
        "run_command": {
          "command": [
            "execute as @e [type=player,r=10] as @s run summon lightning_bolt"
          ]
        }
      },
      "webber": {
        "run_command": {
          "command": [
            "execute as @e [type=player,r=10] as @s run fill ~~~ ~~~ web replace air"
          ]
        }
      }
    }
  }
}