{
  "format_version": "1.20.10",
  "minecraft:entity": {
    "description": {
      "identifier": "minecraft:spider",
      "is_spawnable": true,
      "is_summonable": true,
      "is_experimental": false
    },
    "component_groups": {
      "minecraft:spider_jockey": {
        "minecraft:addrider": {
          "entity_type": "minecraft:skeleton"
        },
        "minecraft:rideable": {
          "seat_count": 1,
          "family_types": [
            "skeleton"
          ],
          "seats": {
            "position": [
              0,
              0.54,
              0
            ]
          }
        }
      },
      "minecraft:spider_stray_jockey": {
        "minecraft:addrider": {
          "entity_type": "minecraft:skeleton.stray"
        },
        "minecraft:rideable": {
          "seat_count": 1,
          "family_types": [
            "skeleton"
          ],
          "seats": {
            "position": [
              0,
              0.54,
              0
            ]
          }
        }
      },
      "minecraft:spider_wither_jockey": {
        "minecraft:addrider": {
          "entity_type": "minecraft:skeleton.wither"
        },
        "minecraft:rideable": {
          "seat_count": 1,
          "family_types": [
            "skeleton"
          ],
          "seats": {
            "position": [
              0,
              0.54,
              0
            ]
          }
        }
      },
      "minecraft:spider_neutral": {
        "minecraft:environment_sensor": {
          "triggers": {
            "filters": {
              "test": "is_brightness",
              "operator": "<",
              "value": 0.49
            },
            "event": "minecraft:become_hostile"
          }
        },
        "minecraft:on_target_acquired": {
          "event": "minecraft:become_angry"
        }
      },
      "minecraft:spider_hostile": {
        "minecraft:environment_sensor": {
          "triggers": {
            "filters": {
              "test": "is_brightness",
              "operator": ">",
              "value": 0.49
            },
            "event": "minecraft:become_neutral"
          }
        },
        "minecraft:on_target_acquired": {
          "event": "minecraft:become_angry"
        },
        "minecraft:behavior.nearest_attackable_target": {
          "priority": 2,
          "must_see": true,
          "attack_interval": 5,
          "entity_types": [
            {
              "filters": {
                "any_of": [
                  {
                    "test": "is_family",
                    "subject": "other",
                    "value": "player"
                  },
                  {
                    "test": "is_family",
                    "subject": "other",
                    "value": "snowgolem"
                  },
                  {
                    "test": "is_family",
                    "subject": "other",
                    "value": "irongolem"
                  }
                ]
              },
              "max_dist": 16
            }
          ]
        }
      },
      "minecraft:spider_angry": {
        "minecraft:angry": {
          "duration": 10,
          "duration_delta": 3,
          "calm_event": {
            "event": "minecraft:become_calm",
            "target": "self"
          }
        },
        "minecraft:behavior.leap_at_target": {
          "priority": 4,
          "yd": 0.4,
          "must_be_on_ground": false
        },
        "minecraft:behavior.melee_box_attack": {
          "priority": 3,
          "track_target": true
        }
      },
      "elite_spider": {
        "minecraft:health": {
          "value": 32,
          "max": 32
        },
        "minecraft:loot": {
          "table": "loot_tables/entities/tartarean/elite_spider.json"
        },
        "minecraft:experience_reward": {
          "on_death": "query.last_hit_by_player ? 20 : 0"
        },
        "minecraft:spell_effects": {
          "add_effects": [
            {
              "effect": "conduit_power",
              "duration": 999999,
              "visible": true
            },
            {
              "effect": "fire_resistance",
              "duration": 999999,
              "visible": false
            }
          ]
        },
        "minecraft:attack": {
          "damage": 4
        },
        "minecraft:despawn": {
          "despawn_from_distance": {
            "min_distance": 64,
            "max_distance": 256
          }
        }
      },
      "elite_one_up": {
        "minecraft:boss": {
          "hud_range": 10,
          "name": "§bElite Twin Lived Spider the Recurrence"
        },
        "minecraft:damage_sensor": {
          "triggers": {
            "on_damage": {
              "filters": {
                "all_of": [
                  {
                    "test": "has_damage",
                    "value": "fatal"
                  },
                  {
                    "test": "is_family",
                    "subject": "other",
                    "value": "player"
                  }
                ]
              },
              "event": "one_up",
              "target": "self"
            }
          }
        }
      },
      "elite_berserk": {
        "minecraft:boss": {
          "hud_range": 10,
          "name": "§bElite Raging Spider of Smashing"
        },
        "minecraft:attack": {
          "damage": 8
        }
      },
      "elite_blastoff": {
        "minecraft:boss": {
          "hud_range": 10,
          "name": "§bElite Trolling Spider the NASA"
        },
        "minecraft:timer": {
          "time": [
            10,
            15
          ],
          "time_down_event": {
            "event": "blastoff"
          },
          "randomInterval": true,
          "looping": true
        }
      },
      "elite_bullwark": {
        "minecraft:boss": {
          "hud_range": 10,
          "name": "§bElite Armoured Spider the Defender"
        },
        "minecraft:spell_effects": {
          "add_effects": [
            {
              "effect": "conduit_power",
              "duration": 999999,
              "visible": true
            },
            {
              "effect": "fire_resistance",
              "duration": 999999,
              "visible": false
            },
            {
              "effect": "resistance",
              "duration": 999999,
              "amplifier": 1,
              "visible": false
            }
          ]
        }
      },
      "elite_cloaking": {
        "minecraft:boss": {
          "hud_range": 10,
          "name": "§bElite Unseen Spider of Stalking"
        },
        "minecraft:spell_effects": {
          "add_effects": [
            {
              "effect": "conduit_power",
              "duration": 999999,
              "visible": true
            },
            {
              "effect": "fire_resistance",
              "duration": 999999,
              "visible": false
            },
            {
              "effect": "invisibility",
              "duration": 999999,
              "visible": false
            }
          ]
        }
      },
      "elite_darkness": {
        "minecraft:boss": {
          "hud_range": 10,
          "name": "§bElite Dark Spider the Shadow"
        },
        "minecraft:attack": {
          "effect_name": "blindness",
          "effect_duration": 20,
          "damage": 4
        }
      },
      "elite_exhaust": {
        "minecraft:boss": {
          "hud_range": 10,
          "name": "§bElite Exhausting Spider of Fatigue"
        },
        "minecraft:behavior.melee_box_attack": {
          "priority": 3,
          "on_attack": {
            "event": "exhaust"
          }
        }
      },
      "elite_fiery": {
        "minecraft:boss": {
          "hud_range": 10,
          "name": "§bElite Burning Spider of Crispyness"
        },
        "minecraft:timer": {
          "time": [
            10,
            15
          ],
          "time_down_event": {
            "event": "fiery"
          },
          "randomInterval": true,
          "looping": true
        }
      },
      "elite_poisonous": {
        "minecraft:boss": {
          "hud_range": 10,
          "name": "§bElite Poisonous Spider of Venom"
        },
        "minecraft:attack": {
          "effect_name": "poison",
          "effect_duration": 20,
          "damage": 4
        }
      },
      "elite_quicksand": {
        "minecraft:boss": {
          "hud_range": 10,
          "name": "§bElite Quicksand Spider of What the Slow"
        },
        "minecraft:attack": {
          "effect_name": "slowness",
          "effect_duration": 20,
          "damage": 4
        }
      },
      "elite_regen": {
        "minecraft:boss": {
          "hud_range": 10,
          "name": "§bElite Regenerating Spider of First Aid"
        },
        "minecraft:spell_effects": {
          "add_effects": [
            {
              "effect": "conduit_power",
              "duration": 999999,
              "visible": true
            },
            {
              "effect": "fire_resistance",
              "duration": 999999,
              "visible": false
            },
            {
              "effect": "regeneration",
              "duration": 999999,
              "amplifier": 3,
              "visible": false
            }
          ]
        }
      },
      "elite_sapper": {
        "minecraft:boss": {
          "hud_range": 10,
          "name": "§bElite Starving Spider of Hunger"
        },
        "minecraft:attack": {
          "effect_name": "hunger",
          "effect_duration": 20,
          "damage": 4
        }
      },
      "elite_sprint": {
        "minecraft:boss": {
          "hud_range": 10,
          "name": "§bElite Sprinting Spider of Bolting"
        },
        "minecraft:spell_effects": {
          "add_effects": [
            {
              "effect": "conduit_power",
              "duration": 999999,
              "visible": true
            },
            {
              "effect": "fire_resistance",
              "duration": 999999,
              "visible": false
            },
            {
              "effect": "speed",
              "duration": 999999,
              "amplifier": 1,
              "visible": false
            }
          ]
        }
      },
      "elite_storm": {
        "minecraft:boss": {
          "hud_range": 10,
          "name": "§bElite Striking Spider of Lightning"
        },
        "minecraft:timer": {
          "time": [
            10,
            15
          ],
          "time_down_event": {
            "event": "storm"
          },
          "randomInterval": true,
          "looping": true
        }
      },
      "elite_weakness": {
        "minecraft:boss": {
          "hud_range": 10,
          "name": "§bElite Apathetic Spider of Apathy"
        },
        "minecraft:attack": {
          "effect_name": "weakness",
          "effect_duration": 20,
          "damage": 4
        }
      },
      "elite_wither": {
        "minecraft:boss": {
          "hud_range": 10,
          "name": "§bElite Withering Spider Doomskull"
        },
        "minecraft:attack": {
          "effect_name": "wither",
          "effect_duration": 20,
          "damage": 4
        }
      },
      "ultra_spider": {
        "minecraft:health": {
          "value": 48,
          "max": 48
        },
        "minecraft:loot": {
          "table": "loot_tables/entities/tartarean/ultra_spider.json"
        },
        "minecraft:experience_reward": {
          "on_death": "query.last_hit_by_player ? 40 : 0"
        },
        "minecraft:spell_effects": {
          "add_effects": [
            {
              "effect": "haste",
              "duration": 999999,
              "visible": true
            },
            {
              "effect": "fire_resistance",
              "duration": 999999,
              "visible": false
            }
          ]
        },
        "minecraft:attack": {
          "damage": 6
        },
        "minecraft:despawn": {
          "despawn_from_distance": {
            "min_distance": 64,
            "max_distance": 256
          }
        }
      },
      "ultra_one_up": {
        "minecraft:boss": {
          "hud_range": 20,
          "name": "§eUltra Undying Spider of Twin Lives"
        },
        "minecraft:damage_sensor": {
          "triggers": {
            "on_damage": {
              "filters": {
                "all_of": [
                  {
                    "test": "has_damage",
                    "value": "fatal"
                  },
                  {
                    "test": "is_family",
                    "subject": "other",
                    "value": "player"
                  }
                ]
              },
              "event": "one_up",
              "target": "self"
            }
          }
        }
      },
      "ultra_berserk": {
        "minecraft:boss": {
          "hud_range": 20,
          "name": "§eUltra Reckless Spider of Raging"
        },
        "minecraft:attack": {
          "damage": 12
        }
      },
      "ultra_blastoff": {
        "minecraft:boss": {
          "hud_range": 20,
          "name": "§eUltra Thumping Spider of Mission Control"
        },
        "minecraft:timer": {
          "time": [
            10,
            15
          ],
          "time_down_event": {
            "event": "blastoff"
          },
          "randomInterval": true,
          "looping": true
        }
      },
      "ultra_bullwark": {
        "minecraft:boss": {
          "hud_range": 20,
          "name": "§eUltra Defensive Spider of Turtling"
        },
        "minecraft:spell_effects": {
          "add_effects": [
            {
              "effect": "haste",
              "duration": 999999,
              "visible": true
            },
            {
              "effect": "fire_resistance",
              "duration": 999999,
              "visible": false
            },
            {
              "effect": "resistance",
              "duration": 999999,
              "amplifier": 2,
              "visible": false
            }
          ]
        }
      },
      "ultra_cloaking": {
        "minecraft:boss": {
          "hud_range": 20,
          "name": "§eUltra Stalking Spider the Unseen"
        },
        "minecraft:spell_effects": {
          "add_effects": [
            {
              "effect": "haste",
              "duration": 999999,
              "visible": true
            },
            {
              "effect": "fire_resistance",
              "duration": 999999,
              "visible": false
            },
            {
              "effect": "invisibility",
              "duration": 999999,
              "visible": false
            }
          ]
        }
      },
      "ultra_darkness": {
        "minecraft:boss": {
          "hud_range": 20,
          "name": "§eUltra Eclipsed Spider the Shadow"
        },
        "minecraft:attack": {
          "effect_name": "blindness",
          "effect_duration": 40,
          "damage": 6
        }
      },
      "ultra_exhaust": {
        "minecraft:boss": {
          "hud_range": 20,
          "name": "§eUltra Exhausting Spider the Drainer"
        },
        "minecraft:behavior.melee_box_attack": {
          "priority": 3,
          "on_attack": {
            "event": "exhaust"
          }
        }
      },
      "ultra_fiery": {
        "minecraft:boss": {
          "hud_range": 20,
          "name": "§eUltra Toasting Husk of Crispyness"
        },
        "minecraft:timer": {
          "time": [
            7,
            13
          ],
          "time_down_event": {
            "event": "fiery"
          },
          "randomInterval": true,
          "looping": true
        }
      },
      "ultra_poisonous": {
        "minecraft:boss": {
          "hud_range": 20,
          "name": "§eUltra Despoiling Spider the Cancerous"
        },
        "minecraft:attack": {
          "effect_name": "poison",
          "effect_duration": 40,
          "damage": 6
        }
      },
      "ultra_quicksand": {
        "minecraft:boss": {
          "hud_range": 20,
          "name": "§eUltra Quicksand Spider the Slowing Boots"
        },
        "minecraft:attack": {
          "effect_name": "slowness",
          "effect_duration": 40,
          "damage": 6
        }
      },
      "ultra_regen": {
        "minecraft:boss": {
          "hud_range": 20,
          "name": "§eUltra Healing Spider of First Aid"
        },
        "minecraft:spell_effects": {
          "add_effects": [
            {
              "effect": "haste",
              "duration": 999999,
              "visible": true
            },
            {
              "effect": "fire_resistance",
              "duration": 999999,
              "visible": false
            },
            {
              "effect": "regeneration",
              "duration": 999999,
              "amplifier": 4,
              "visible": false
            }
          ]
        }
      },
      "ultra_sapper": {
        "minecraft:boss": {
          "hud_range": 20,
          "name": "§eUltra Hungering Spider the Mutated"
        },
        "minecraft:attack": {
          "effect_name": "hunger",
          "effect_duration": 40,
          "damage": 6
        }
      },
      "ultra_sprint": {
        "minecraft:boss": {
          "hud_range": 20,
          "name": "§eUltra Charging Spider the Swift One"
        },
        "minecraft:spell_effects": {
          "add_effects": [
            {
              "effect": "haste",
              "duration": 999999,
              "visible": true
            },
            {
              "effect": "fire_resistance",
              "duration": 999999,
              "visible": false
            },
            {
              "effect": "speed",
              "duration": 999999,
              "amplifier": 2,
              "visible": false
            }
          ]
        }
      },
      "ultra_storm": {
        "minecraft:boss": {
          "hud_range": 20,
          "name": "§eUltra Thundering Spider of Striking"
        },
        "minecraft:timer": {
          "time": [
            10,
            15
          ],
          "time_down_event": {
            "event": "storm"
          },
          "randomInterval": true,
          "looping": true
        }
      },
      "ultra_weakness": {
        "minecraft:boss": {
          "hud_range": 20,
          "name": "§eUltra Apathetic Spider of Apathy"
        },
        "minecraft:attack": {
          "effect_name": "weakness",
          "effect_duration": 40,
          "damage": 6
        }
      },
      "ultra_wither": {
        "minecraft:boss": {
          "hud_range": 20,
          "name": "§eUltra Dark Lord Spider Doomskull"
        },
        "minecraft:attack": {
          "effect_name": "wither",
          "effect_duration": 40,
          "damage": 6
        }
      },
      "infernal_spider": {
        "minecraft:health": {
          "value": 64,
          "max": 64
        },
        "minecraft:loot": {
          "table": "loot_tables/entities/tartarean/infernal_spider.json"
        },
        "minecraft:experience_reward": {
          "on_death": "query.last_hit_by_player ? 60 : 0"
        },
        "minecraft:spell_effects": {
          "add_effects": [
            {
              "effect": "saturation",
              "duration": 999999,
              "visible": true
            },
            {
              "effect": "fire_resistance",
              "duration": 999999,
              "visible": false
            }
          ]
        },
        "minecraft:attack": {
          "damage": 8
        },
        "minecraft:despawn": {
          "despawn_from_distance": {
            "min_distance": 64,
            "max_distance": 256
          }
        }
      },
      "infernal_one_up": {
        "minecraft:boss": {
          "hud_range": 30,
          "name": "§cInfernal Recurrence Spider the Undying"
        },
        "minecraft:damage_sensor": {
          "triggers": {
            "on_damage": {
              "filters": {
                "all_of": [
                  {
                    "test": "has_damage",
                    "value": "fatal"
                  },
                  {
                    "test": "is_family",
                    "subject": "other",
                    "value": "player"
                  }
                ]
              },
              "event": "one_up",
              "target": "self"
            }
          }
        }
      },
      "infernal_berserk": {
        "minecraft:boss": {
          "hud_range": 10,
          "name": "§cInfernal Smashing Spider of Recklessness"
        },
        "minecraft:attack": {
          "damage": 16
        }
      },
      "infernal_blastoff": {
        "minecraft:boss": {
          "hud_range": 30,
          "name": "§cInfernal Byebye Spider of WEEEE"
        },
        "minecraft:timer": {
          "time": [
            10,
            15
          ],
          "time_down_event": {
            "event": "blastoff"
          },
          "randomInterval": true,
          "looping": true
        }
      },
      "infernal_bullwark": {
        "minecraft:boss": {
          "hud_range": 30,
          "name": "§cInfernal Turtling Spider of Effing Armor"
        },
        "minecraft:spell_effects": {
          "add_effects": [
            {
              "effect": "saturation",
              "duration": 999999,
              "visible": true
            },
            {
              "effect": "fire_resistance",
              "duration": 999999,
              "visible": false
            },
            {
              "effect": "resistance",
              "duration": 999999,
              "amplifier": 3,
              "visible": false
            }
          ]
        }
      },
      "infernal_cloaking": {
        "minecraft:boss": {
          "hud_range": 30,
          "name": "§cInfernal Hunting Spider the Predator"
        },
        "minecraft:spell_effects": {
          "add_effects": [
            {
              "effect": "saturation",
              "duration": 999999,
              "visible": true
            },
            {
              "effect": "fire_resistance",
              "duration": 999999,
              "visible": false
            },
            {
              "effect": "invisibility",
              "duration": 999999,
              "visible": false
            }
          ]
        }
      },
      "infernal_darkness": {
        "minecraft:boss": {
          "hud_range": 30,
          "name": "§cInfernal Shadowkin Spider of Darkness"
        },
        "minecraft:attack": {
          "effect_name": "blindness",
          "effect_duration": 60,
          "damage": 8
        }
      },
      "infernal_exhaust": {
        "minecraft:boss": {
          "hud_range": 30,
          "name": "§cInfernal Draining Spider of Fatigue"
        },
        "minecraft:behavior.melee_box_attack": {
          "priority": 3,
          "on_attack": {
            "event": "exhaust"
          }
        }
      },
      "infernal_fiery": {
        "minecraft:boss": {
          "hud_range": 30,
          "name": "§cInfernal Toasting Spider the Pheonix"
        },
        "minecraft:timer": {
          "time": [
            5,
            10
          ],
          "time_down_event": {
            "event": "fiery"
          },
          "randomInterval": true,
          "looping": true
        }
      },
      "infernal_poisonous": {
        "minecraft:boss": {
          "hud_range": 30,
          "name": "§cInfernal Stinging Spider the Deadly Chalice"
        },
        "minecraft:attack": {
          "effect_name": "poison",
          "effect_duration": 60,
          "damage": 8
        }
      },
      "infernal_quicksand": {
        "minecraft:boss": {
          "hud_range": 30,
          "name": "§cInfernal Slowing Spider of You-Can't-Run"
        },
        "minecraft:attack": {
          "effect_name": "slowness",
          "effect_duration": 60,
          "damage": 8
        }
      },
      "infernal_regen": {
        "minecraft:boss": {
          "hud_range": 30,
          "name": "§cInfernal Nigh Unkillable Spider of First Aid"
        },
        "minecraft:spell_effects": {
          "add_effects": [
            {
              "effect": "saturation",
              "duration": 999999,
              "visible": true
            },
            {
              "effect": "fire_resistance",
              "duration": 999999,
              "visible": false
            },
            {
              "effect": "regeneration",
              "duration": 999999,
              "amplifier": 5,
              "visible": false
            }
          ]
        }
      },
      "infernal_sapper": {
        "minecraft:boss": {
          "hud_range": 30,
          "name": "§cInfernal Starving Spider the Pale Rider"
        },
        "minecraft:attack": {
          "effect_name": "hunger",
          "effect_duration": 60,
          "damage": 8
        }
      },
      "infernal_sprint": {
        "minecraft:boss": {
          "hud_range": 30,
          "name": "§cInfernal Swift Spider of Being In Your Face"
        },
        "minecraft:spell_effects": {
          "add_effects": [
            {
              "effect": "saturation",
              "duration": 999999,
              "visible": true
            },
            {
              "effect": "fire_resistance",
              "duration": 999999,
              "visible": false
            },
            {
              "effect": "speed",
              "duration": 999999,
              "amplifier": 3,
              "visible": false
            }
          ]
        }
      },
      "infernal_storm": {
        "minecraft:boss": {
          "hud_range": 30,
          "name": "§cInfernal Electrified Spider the Raiden"
        },
        "minecraft:timer": {
          "time": [
            10,
            15
          ],
          "time_down_event": {
            "event": "storm"
          },
          "randomInterval": true,
          "looping": true
        }
      },
      "infernal_weakness": {
        "minecraft:boss": {
          "hud_range": 30,
          "name": "§cInfernal Apathetic Spider of Apathy"
        },
        "minecraft:attack": {
          "effect_name": "weakness",
          "effect_duration": 60,
          "damage": 8
        }
      },
      "infernal_wither": {
        "minecraft:boss": {
          "hud_range": 30,
          "name": "§cInfernal Sith Lord Spider of Dark Skulls"
        },
        "minecraft:attack": {
          "effect_name": "wither",
          "effect_duration": 60,
          "damage": 8
        }
      }
    },
    "components": {
      "minecraft:is_hidden_when_invisible": {},
      "minecraft:experience_reward": {
        "on_death": "query.last_hit_by_player ? 5 : 0"
      },
      "minecraft:nameable": {},
      "minecraft:type_family": {
        "family": [
          "spider",
          "monster",
          "mob",
          "arthropod"
        ]
      },
      "minecraft:breathable": {
        "total_supply": 15,
        "suffocate_time": 0
      },
      "minecraft:loot": {
        "table": "loot_tables/entities/spider.json"
      },
      "minecraft:collision_box": {
        "width": 1.4,
        "height": 0.9
      },
      "minecraft:health": {
        "value": 16,
        "max": 16
      },
      "minecraft:hurt_on_condition": {
        "damage_conditions": [
          {
            "filters": {
              "test": "in_lava",
              "subject": "self",
              "operator": "==",
              "value": true
            },
            "cause": "lava",
            "damage_per_tick": 4
          }
        ]
      },
      "minecraft:movement": {
        "value": 0.3
      },
      "minecraft:navigation.climb": {
        "can_path_over_water": true
      },
      "minecraft:movement.basic": {},
      "minecraft:jump.static": {},
      "minecraft:can_climb": {},
      "minecraft:attack": {
        "damage": 2
      },
      "minecraft:despawn": {
        "despawn_from_distance": {}
      },
      "minecraft:behavior.float": {
        "priority": 1
      },
      "minecraft:behavior.mount_pathing": {
        "priority": 5,
        "speed_multiplier": 1.25,
        "target_dist": 0.0,
        "track_target": true
      },
      "minecraft:behavior.random_stroll": {
        "priority": 6,
        "speed_multiplier": 0.8
      },
      "minecraft:behavior.look_at_player": {
        "priority": 7,
        "look_distance": 6.0,
        "probability": 0.02
      },
      "minecraft:behavior.random_look_around": {
        "priority": 7
      },
      "minecraft:behavior.hurt_by_target": {
        "priority": 1
      },
      "minecraft:rideable": {
        "seat_count": 1,
        "family_types": [
          "zombie"
        ],
        "seats": {
          "position": [
            0.0,
            0.54,
            -0.1
          ]
        }
      },
      "minecraft:physics": {},
      "minecraft:pushable": {
        "is_pushable": true,
        "is_pushable_by_piston": true
      },
      "minecraft:conditional_bandwidth_optimization": {}
    },
    "events": {
      "minecraft:entity_spawned": {
        "sequence": [
          {
            "randomize": [
              {
                "weight": 1,
                "randomize": [
                  {
                    "weight": 80,
                    "filters": {
                      "all_of": [
                        {
                          "test": "is_daytime",
                          "value": false
                        },
                        {
                          "test": "is_snow_covered",
                          "value": true
                        },
                        {
                          "test": "is_underground",
                          "value": false
                        }
                      ]
                    },
                    "remove": {},
                    "add": {
                      "component_groups": [
                        "minecraft:spider_stray_jockey",
                        "minecraft:spider_neutral"
                      ]
                    }
                  },
                  {
                    "weight": 80,
                    "filters": {
                      "test": "is_biome",
                      "value": "the_nether"
                    },
                    "remove": {},
                    "add": {
                      "component_groups": [
                        "minecraft:spider_wither_jockey",
                        "minecraft:spider_neutral"
                      ]
                    }
                  },
                  {
                    "weight": 20,
                    "filters": {
                      "any_of": [
                        {
                          "test": "is_daytime",
                          "value": false
                        },
                        {
                          "test": "is_underground",
                          "value": true
                        }
                      ]
                    },
                    "remove": {},
                    "add": {
                      "component_groups": [
                        "minecraft:spider_jockey",
                        "minecraft:spider_neutral"
                      ]
                    }
                  }
                ]
              },
              {
                "weight": 99,
                "remove": {},
                "add": {
                  "component_groups": [
                    "minecraft:spider_neutral"
                  ]
                }
              }
            ]
          },
          {
            "randomize": [
              {
                "weight": 9500
              },
              {
                "weight": 50,
                "add": {
                  "component_groups": [
                    "elite_spider",
                    "elite_one_up"
                  ]
                },
                "remove": {}
              },
              {
                "weight": 50,
                "add": {
                  "component_groups": [
                    "elite_spider",
                    "elite_berserk"
                  ]
                },
                "remove": {}
              },
              {
                "weight": 50,
                "add": {
                  "component_groups": [
                    "elite_spider",
                    "elite_blastoff"
                  ]
                },
                "remove": {}
              },
              {
                "weight": 50,
                "add": {
                  "component_groups": [
                    "elite_spider",
                    "elite_bullwark"
                  ]
                },
                "remove": {}
              },
              {
                "weight": 50,
                "add": {
                  "component_groups": [
                    "elite_spider",
                    "elite_cloaking"
                  ]
                },
                "remove": {}
              },
              {
                "weight": 50,
                "add": {
                  "component_groups": [
                    "elite_spider",
                    "elite_darkness"
                  ]
                },
                "remove": {}
              },
              {
                "weight": 50,
                "add": {
                  "component_groups": [
                    "elite_spider",
                    "elite_exhaust"
                  ]
                },
                "remove": {}
              },
              {
                "weight": 50,
                "add": {
                  "component_groups": [
                    "elite_spider",
                    "elite_fiery"
                  ]
                },
                "remove": {}
              },
              {
                "weight": 50,
                "add": {
                  "component_groups": [
                    "elite_spider",
                    "elite_poisonous"
                  ]
                },
                "remove": {}
              },
              {
                "weight": 50,
                "add": {
                  "component_groups": [
                    "elite_spider",
                    "elite_quicksand"
                  ]
                },
                "remove": {}
              },
              {
                "weight": 50,
                "add": {
                  "component_groups": [
                    "elite_spider",
                    "elite_regen"
                  ]
                },
                "remove": {}
              },
              {
                "weight": 50,
                "add": {
                  "component_groups": [
                    "elite_spider",
                    "elite_sapper"
                  ]
                },
                "remove": {}
              },
              {
                "weight": 50,
                "add": {
                  "component_groups": [
                    "elite_spider",
                    "elite_sprint"
                  ]
                },
                "remove": {}
              },
              {
                "weight": 50,
                "add": {
                  "component_groups": [
                    "elite_spider",
                    "elite_storm"
                  ]
                },
                "remove": {}
              },
              {
                "weight": 50,
                "add": {
                  "component_groups": [
                    "elite_spider",
                    "elite_weakness"
                  ]
                },
                "remove": {}
              },
              {
                "weight": 50,
                "add": {
                  "component_groups": [
                    "elite_spider",
                    "elite_wither"
                  ]
                },
                "remove": {}
              },
              {
                "weight": 25,
                "add": {
                  "component_groups": [
                    "ultra_spider",
                    "ultra_one_up"
                  ]
                },
                "remove": {}
              },
              {
                "weight": 25,
                "add": {
                  "component_groups": [
                    "ultra_spider",
                    "ultra_berserk"
                  ]
                },
                "remove": {}
              },
              {
                "weight": 25,
                "add": {
                  "component_groups": [
                    "ultra_spider",
                    "ultra_blastoff"
                  ]
                },
                "remove": {}
              },
              {
                "weight": 25,
                "add": {
                  "component_groups": [
                    "ultra_spider",
                    "ultra_bullwark"
                  ]
                },
                "remove": {}
              },
              {
                "weight": 25,
                "remove": {},
                "add": {
                  "component_groups": [
                    "ultra_spider",
                    "ultra_cloaking"
                  ]
                }
              },
              {
                "weight": 25,
                "remove": {},
                "add": {
                  "component_groups": [
                    "ultra_spider",
                    "ultra_darkness"
                  ]
                }
              },
              {
                "weight": 25,
                "remove": {},
                "add": {
                  "component_groups": [
                    "ultra_spider",
                    "ultra_exhaust"
                  ]
                }
              },
              {
                "weight": 25,
                "remove": {},
                "add": {
                  "component_groups": [
                    "ultra_spider",
                    "ultra_fiery"
                  ]
                }
              },
              {
                "weight": 25,
                "remove": {},
                "add": {
                  "component_groups": [
                    "ultra_spider",
                    "ultra_poisonous"
                  ]
                }
              },
              {
                "weight": 50,
                "remove": {},
                "add": {
                  "component_groups": [
                    "ultra_spider",
                    "ultra_quicksand"
                  ]
                }
              },
              {
                "weight": 50,
                "remove": {},
                "add": {
                  "component_groups": [
                    "ultra_spider",
                    "ultra_regen"
                  ]
                }
              },
              {
                "weight": 50,
                "remove": {},
                "add": {
                  "component_groups": [
                    "ultra_spider",
                    "ultra_sapper"
                  ]
                }
              },
              {
                "weight": 50,
                "remove": {},
                "add": {
                  "component_groups": [
                    "ultra_spider",
                    "ultra_sprint"
                  ]
                }
              },
              {
                "weight": 50,
                "remove": {},
                "add": {
                  "component_groups": [
                    "ultra_spider",
                    "ultra_storm"
                  ]
                }
              },
              {
                "weight": 25,
                "remove": {},
                "add": {
                  "component_groups": [
                    "ultra_spider",
                    "ultra_weakness"
                  ]
                }
              },
              {
                "weight": 25,
                "remove": {},
                "add": {
                  "component_groups": [
                    "ultra_spider",
                    "ultra_wither"
                  ]
                }
              },
              {
                "weight": 5,
                "remove": {},
                "add": {
                  "component_groups": [
                    "infernal_spider",
                    "infernal_one_up"
                  ]
                }
              },
              {
                "weight": 5,
                "remove": {},
                "add": {
                  "component_groups": [
                    "infernal_spider",
                    "infernal_berserk"
                  ]
                }
              },
              {
                "weight": 5,
                "remove": {},
                "add": {
                  "component_groups": [
                    "infernal_spider",
                    "infernal_blastoff"
                  ]
                }
              },
              {
                "weight": 5,
                "remove": {},
                "add": {
                  "component_groups": [
                    "infernal_spider",
                    "infernal_bullwark"
                  ]
                }
              },
              {
                "weight": 5,
                "remove": {},
                "add": {
                  "component_groups": [
                    "infernal_spider",
                    "infernal_cloaking"
                  ]
                }
              },
              {
                "weight": 5,
                "remove": {},
                "add": {
                  "component_groups": [
                    "infernal_spider",
                    "infernal_darkness"
                  ]
                }
              },
              {
                "weight": 5,
                "remove": {},
                "add": {
                  "component_groups": [
                    "infernal_spider",
                    "infernal_exhaust"
                  ]
                }
              },
              {
                "weight": 5,
                "remove": {},
                "add": {
                  "component_groups": [
                    "infernal_spider",
                    "infernal_fiery"
                  ]
                }
              },
              {
                "weight": 5,
                "remove": {},
                "add": {
                  "component_groups": [
                    "infernal_spider",
                    "infernal_poisonous"
                  ]
                }
              },
              {
                "weight": 5,
                "remove": {},
                "add": {
                  "component_groups": [
                    "infernal_spider",
                    "infernal_quicksand"
                  ]
                }
              },
              {
                "weight": 5,
                "remove": {},
                "add": {
                  "component_groups": [
                    "infernal_spider",
                    "infernal_regen"
                  ]
                }
              },
              {
                "weight": 5,
                "remove": {},
                "add": {
                  "component_groups": [
                    "infernal_spider",
                    "infernal_sapper"
                  ]
                }
              },
              {
                "weight": 5,
                "remove": {},
                "add": {
                  "component_groups": [
                    "infernal_spider",
                    "infernal_sprint"
                  ]
                }
              },
              {
                "weight": 5,
                "remove": {},
                "add": {
                  "component_groups": [
                    "infernal_spider",
                    "infernal_storm"
                  ]
                }
              },
              {
                "weight": 5,
                "remove": {},
                "add": {
                  "component_groups": [
                    "infernal_spider",
                    "infernal_weakness"
                  ]
                }
              },
              {
                "weight": 5,
                "remove": {},
                "add": {
                  "component_groups": [
                    "infernal_spider",
                    "infernal_wither"
                  ]
                }
              }
            ]
          }
        ]
      },
      "minecraft:become_hostile": {
        "remove": {
          "component_groups": [
            "minecraft:spider_neutral"
          ]
        },
        "add": {
          "component_groups": [
            "minecraft:spider_hostile"
          ]
        }
      },
      "minecraft:become_neutral": {
        "remove": {
          "component_groups": [
            "minecraft:spider_hostile"
          ]
        },
        "add": {
          "component_groups": [
            "minecraft:spider_neutral"
          ]
        }
      },
      "minecraft:become_angry": {
        "add": {
          "component_groups": [
            "minecraft:spider_angry"
          ]
        }
      },
      "minecraft:become_calm": {
        "remove": {
          "component_groups": [
            "minecraft:spider_angry"
          ]
        }
      },
      "one_up": {
        "run_command": {
          "command": [
            "effect @s [tag=!one_up] instant_health 1 255 true",
            "tag @s one_up"
          ]
        }
      },
      "blastoff": {
        "run_command": {
          "command": [
            "effect @e [type=player,r=10] levitation 1 13"
          ]
        }
      },
      "exhaust": {
        "run_command": {
          "command": [
            "effect @e [type=player,r=10] clear"
          ]
        }
      },
      "fiery": {
        "run_command": {
          "command": [
            "execute as @e [type=player,r=10] as @s run fill ~~~ ~~~ fire replace air"
          ]
        }
      },
      "storm": {
        "run_command": {
          "command": [
            "execute as @e [type=player,r=10] as @s run summon lightning_bolt"
          ]
        }
      }
    }
  }
}