{
	"format_version": "1.8.0",
	"animations": {
		"animation.player.sneaking": {
			"loop": true,
			"animation_length": 2.32,
			"bones": {
				"head": {
					"rotation": {
						"0.0": [0, 0, 0],
						"0.8": [17.5, 0, 0],
						"1.52": [17.5, 0, 0],
						"1.88": [-2.5, 0, 0]
					}
				},
				"rightArm": {
					"rotation": {
						"0.0": [0, 0, 0],
						"0.52": [-25, -40, 0],
						"1.44": [-25, -40, -2.5],
						"1.92": [0, 0, 0]
					}
				},
				"leftArm": {
					"rotation": {
						"0.0": [0, 0, 0],
						"0.52": [-25, 40, 0],
						"1.44": [-25, 40, 2.5],
						"1.92": [0, 0, 0]
					}
				}
			}
		}
	}
}