{
  "credit": "Thanks to Legopitstop for creating this useful resource. https://legopitstop.weebly.com/media.html",
  "format_version": "1.16.100",
  "minecraft:item": {
    "description": {
      "identifier": "morefood:coconut",
      "category": "Nature"
    },
    "components": {
      "minecraft:icon": {
        "texture": "morefood:coconut"
      },
      "minecraft:creative_category": {
        "parent": "itemGroup.name.crop"
      },
      "minecraft:use_animation": "eat",
      "minecraft:use_duration": 1.61,
      "minecraft:seed": {
        "plant_at": [
          "grass",
          "dirt",
          "podzol"
        ],
        "crop_result": "morefood:tree_coconut"
      }
    }
  }
}