{
  "credit": "Thanks to Legopitstop for creating this useful resource. https://legopitstop.weebly.com/media.html",
  "format_version": "1.16.100",
  "minecraft:item": {
    "description": {
      "identifier": "morefood:plum",
      "category": "Nature"
    },
    "components": {
      "minecraft:icon": {
        "texture": "morefood:plum"
      },
      "minecraft:creative_category": {
        "parent": "itemGroup.name.crop"
      },
      "minecraft:use_animation": "eat",
      "minecraft:use_duration": 1.61,
      "minecraft:food": {
        "nutrition": 4,
        "saturation_modifier": "low"
      }
    }
  }
}