{
  "format_version": "1.16.100",
  "minecraft:item": {
    "description": {
      "identifier": "skw:raw_fish_fillet_skewer",
      "category": "equipment"
    },
    "components": {
      "minecraft:hand_equipped": true,
      "minecraft:stacked_by_data": true,
      "minecraft:max_stack_size": 16,
      "minecraft:use_duration": 1.2,
      "minecraft:use_animation": "eat",
      "minecraft:creative_category": {
        "parent": "itemGroup.name.miscFood"
      },
      "minecraft:icon": {
        "texture": "raw_fish_fillet_skewer"
      },
      "minecraft:foil": false,
      "minecraft:food": {
        "nutrition": 2,
        "saturation_modifier": "poor",
        "can_always_eat": false,
        "using_converts_to": "stick"
      }
    }
  }
}