{
	"format_version": "1.8.0",
	"animations": {
		"animation.player.sneaking": {
			"loop": true,
			"animation_length": 1,
			"bones": {
				"body": {
					"rotation": {
						"0.0": [10, 0, 0],
						"0.24": [22.5, 0, 0],
						"0.48": [15, 0, 0],
						"0.72": [20, 0, 0],
						"0.96": [10, 0, 0]
					},
					"position": [0, -1, 0]
				},
				"head": {
					"rotation": {
						"0.0": [7.5, 0, 0],
						"0.24": [0, 0, 0],
						"0.48": [12.5, 0, 0],
						"0.72": [2.5, 0, 0],
						"0.96": [7.5, 0, 0]
					},
					"position": [0, -1, 0]
				},
				"rightArm": {
					"rotation": {
						"0.0": [-15, -30, 0],
						"0.24": [10, -15, -10],
						"0.48": [-7.5, -17.5, -5],
						"0.72": [7.5, -17.5, -5],
						"0.96": [-15, -30, 0]
					},
					"position": [0, -1, 0]
				},
				"leftArm": {
					"rotation": {
						"0.0": [-12.5, 15, 0],
						"0.24": [7.5, 15, 12.5],
						"0.48": [-7.5, 12.5, 7.5],
						"0.72": [10, 22.5, 7.5],
						"0.96": [-12.5, 15, 0]
					},
					"position": [0, -1, 0]
				},
				"rightLeg": {
					"rotation": {
						"0.0": [-22.5, 27.5, 0],
						"0.24": [-15, 20, 0],
						"0.48": [-17.5, 20, 5],
						"0.72": [-12.5, 15, 5],
						"0.96": [-22.5, 27.5, 5]
					},
					"position": {
						"0.0": [0, 0, 2],
						"0.24": [0, 0, 4],
						"0.48": [0, 0, 3],
						"0.72": [0, 0, 4],
						"0.96": [0, 0, 2]
					}
				},
				"leftLeg": {
					"rotation": {
						"0.0": [-25, -35, 0],
						"0.24": [-20, -25, 0],
						"0.48": [-17.5, -25, -5],
						"0.72": [-15, -2.5, -5],
						"0.96": [-25, -35, 0]
					},
					"position": {
						"0.0": [0, 0, 2],
						"0.24": [0, 0, 4],
						"0.48": [0, 0, 3],
						"0.72": [0, 0, 4],
						"0.96": [0, 0, 2]
					}
				}
			}
		}
	}
}