{
	"format_version": "1.16.100",
	"minecraft:item": {
		"description": {
			"category": "equipment",
			"identifier": "addon:cooked_axolotl_bucket"
		},
		"events": {
			"eat": {
				"run_command": {
					"target": "holder",
					"command": [
						"effect @s strength 29 2",
						"effect @s speed 29 2",
						"effect @s regeneration 12 1",
						"effect @s fire_resistance 29 1"
					]
				}
			}
		},
		"components": {
			"minecraft:food": {
				"can_always_eat": true,
				"nutrition": 12,
				"on_consume": {
					"event": "eat",
					"target": "self"
				},
				"using_converts_to": "bucket",
				"saturation_modifier": "max"
			},
			"minecraft:use_animation": "eat",
			"minecraft:use_duration": 1.2,
			"minecraft:max_stack_size": 16,
			"minecraft:hand_equipped": true,
			"minecraft:can_destroy_in_creative": false,
			"minecraft:icon": {
				"texture": "bucketcustom"
			},
			"minecraft:display_name": {
				"value": "Cooked axolotl (Bucket)"
			}
		}
	}
}