{
	"format_version": "1.8.0",
	"animations": {
		"animation.humanoid.customm.baile_21": {
			"loop": true,
			"animation_length": 3.75,
			"bones": {
				"root": {
					"rotation": {
						"0.0": [0, 0, 0],
						"3.75": [0, 0, 0]
					},
					"position": {
						"0.0": [0, -1, 0],
						"3.75": [0, -1, 0]
					},
					"scale": {
						"0.0": [1, 1, 1],
						"0.2083": [1, 0.95, 1],
						"0.4167": [1, 1, 1],
						"0.625": [1, 0.95, 1],
						"0.8333": [1, 1, 1],
						"1.0417": [1, 0.95, 1],
						"1.25": [1, 1, 1],
						"1.4583": [1, 0.95, 1],
						"1.6667": [1, 1, 1],
						"1.875": [1, 0.95, 1],
						"2.0833": [1, 1, 1],
						"2.2917": [1, 0.95, 1],
						"2.5": [1, 1, 1],
						"2.7083": [1, 0.95, 1],
						"2.9167": [1, 1, 1],
						"3.125": [1, 0.95, 1],
						"3.3333": [1, 1, 1],
						"3.5417": [1, 0.95, 1],
						"3.75": [1, 1, 1]
					}
				},
				"waist": {
					"rotation": {
						"0.0": [0, 0, 0],
						"0.2083": [0, 0, -10],
						"0.4167": [0, 0, -10],
						"0.625": [0, 0, 0],
						"0.8333": [0, 0, 10],
						"1.0417": [0, 0, -10],
						"1.25": [0, 0, -10],
						"1.4583": [0, 0, 0],
						"1.6667": [0, 0, 10],
						"1.875": [0, -45, 0],
						"2.2917": [0, -22.5, 0],
						"2.7083": [0, -2.5, 0],
						"3.125": [0, 22.5, 0],
						"3.5417": [0, 45, 0],
						"3.75": [0, 0, 0]
					},
					"position": {
						"0.0": [0, 0, 0],
						"1.6667": [0, 0, 0],
						"3.75": [0, 0, 0]
					},
					"scale": {
						"0.0": [1, 1, 1],
						"0.2083": [1, 1, 1],
						"1.0417": [1, 1, 1],
						"3.75": [1, 1, 1]
					}
				},
				"body": {
					"rotation": {
						"0.0": [0, 0, 0],
						"3.75": [0, 0, 0]
					},
					"position": {
						"0.0": [0, 0, 0],
						"3.75": [0, 0, 0]
					},
					"scale": {
						"0.0": [1, 1, 1],
						"3.75": [1, 1, 1]
					}
				},
				"bone": {
					"rotation": {
						"0.0": [0, 0, 0],
						"3.75": [0, 0, 0]
					},
					"position": {
						"0.0": [0, 0, 0],
						"3.75": [0, 0, 0]
					},
					"scale": {
						"0.0": [1, 1, 1],
						"3.75": [1, 1, 1]
					}
				},
				"head": {
					"rotation": {
						"0.0": [0, 0, 0],
						"0.2083": [0, 0, 10],
						"0.4167": [0, 0, 10],
						"0.625": [0, 0, 0],
						"0.8333": [0, 0, -10],
						"1.0417": [0, 0, 10],
						"1.25": [0, 0, 10],
						"1.4583": [0, 0, 0],
						"1.6667": [0, 0, -10],
						"1.875": [0, 0, 0],
						"3.75": [0, 0, 0]
					},
					"position": {
						"0.0": [0, 0, 0],
						"3.75": [0, 0, 0]
					},
					"scale": {
						"0.0": [1, 1, 1],
						"3.75": [1, 1, 1]
					}
				},
				"hat": {
					"rotation": {
						"0.0": [0, 0, 0],
						"3.75": [0, 0, 0]
					},
					"position": {
						"0.0": [0, 0, 0],
						"3.75": [0, 0, 0]
					},
					"scale": {
						"0.0": [1, 1, 1],
						"3.75": [1, 1, 1]
					}
				},
				"cape": {
					"rotation": {
						"0.0": [0, 0, 0],
						"3.75": [0, 0, 0]
					},
					"position": {
						"0.0": [0, 0, 0],
						"3.75": [0, 0, 0]
					},
					"scale": {
						"0.0": [1, 1, 1],
						"3.75": [1, 1, 1]
					}
				},
				"leftArm": {
					"rotation": {
						"0.0": [0, 0, 0],
						"0.2083": [-22.5, 0, 15],
						"0.4167": [-22.5, 0, 15],
						"0.625": [-22.5, 0, 15],
						"0.8333": [-130, -20, 45],
						"1.0417": [-22.5, 0, 15],
						"1.25": [-22.5, 0, 15],
						"1.4583": [-22.5, 0, 15],
						"1.6667": [-130, -20, 45],
						"1.875": [0, 0, -10],
						"3.75": [0, 0, 0]
					},
					"position": {
						"0.0": [0, 0, 0],
						"0.2083": [-1, 0, -1],
						"0.625": [-1, 0, -1],
						"0.8333": [1, 2, -1],
						"1.0417": [-1, 0, -1],
						"1.4583": [-1, 0, -1],
						"1.6667": [1, 2, -1],
						"1.875": [0, 0.2, 0],
						"3.75": [0, 0, 0]
					},
					"scale": {
						"0.0": [1, 1, 1],
						"3.75": [1, 1, 1]
					}
				},
				"la": {
					"rotation": {
						"0.0": [0, 0, 0],
						"0.2083": [0, 0, 20],
						"0.625": [0, 0, 20],
						"1.0417": [0, 0, 20],
						"1.4583": [0, 0, 20],
						"1.875": [0, 0, 20],
						"3.75": [0, 0, 0]
					},
					"position": {
						"0.0": [0, 0, 0],
						"0.2083": [0.2, 1, 0],
						"0.625": [0.2, 1, 0],
						"1.0417": [0.2, 1, 0],
						"1.4583": [0.2, 1, 0],
						"1.875": [0.2, 1, 0],
						"3.75": [0, 0, 0]
					},
					"scale": {
						"0.0": [1, 1, 1],
						"3.75": [1, 1, 1]
					}
				},
				"leftSleeve": {
					"rotation": {
						"0.0": [0, 0, 0],
						"3.75": [0, 0, 0]
					},
					"position": {
						"0.0": [0, 0, 0],
						"3.75": [0, 0, 0]
					},
					"scale": {
						"0.0": [1, 1, 1],
						"3.75": [1, 1, 1]
					}
				},
				"ls": {
					"rotation": {
						"0.0": [0, 0, 0],
						"0.2083": [0, 0, 20],
						"0.625": [0, 0, 20],
						"1.0417": [0, 0, 20],
						"1.4583": [0, 0, 20],
						"1.875": [0, 0, 20],
						"3.75": [0, 0, 0]
					},
					"position": {
						"0.0": [0, 0, 0],
						"0.2083": [0, 0.3, 0],
						"0.625": [0, 0.3, 0],
						"1.0417": [0, 0.3, 0],
						"1.4583": [0, 0.3, 0],
						"1.875": [0, 0.3, 0],
						"3.75": [0, 0, 0]
					},
					"scale": {
						"0.0": [1, 1, 1],
						"3.75": [1, 1, 1]
					}
				},
				"leftItem": {
					"rotation": {
						"0.0": [0, 0, 0],
						"3.75": [0, 0, 0]
					},
					"position": {
						"0.0": [0, 0, 0],
						"3.75": [0, 0, 0]
					},
					"scale": {
						"0.0": [1, 1, 1],
						"3.75": [1, 1, 1]
					}
				},
				"rightArm": {
					"rotation": {
						"0.0": [0, 0, 0],
						"0.2083": [-22.5, 0, -15],
						"0.4167": [-130, 20, -45],
						"0.625": [-22.5, 0, -15],
						"1.0417": [-22.5, 0, -15],
						"1.25": [-130, 20, -45],
						"1.4583": [-22.5, 0, -15],
						"1.6667": [-22.5, 0, -15],
						"1.875": [-70, -30, 0],
						"3.5417": [-70, 5, 0],
						"3.75": [0, 0, 0]
					},
					"position": {
						"0.0": [0, 0, 0],
						"0.2083": [1, 0, -1],
						"0.4167": [-1, 2, -1],
						"0.625": [1, 0, -1],
						"1.0417": [1, 0, -1],
						"1.25": [-1, 2, -1],
						"1.4583": [1, 0, -1],
						"1.6667": [1, 0, -1],
						"1.875": [1, 0, -2],
						"3.5417": [0, 0, -1],
						"3.75": [0, 0, 0]
					},
					"scale": {
						"0.0": [1, 1, 1],
						"3.75": [1, 1, 1]
					}
				},
				"ra": {
					"rotation": {
						"0.0": [0, 0, 0],
						"0.2083": [0, 0, -25],
						"0.625": [0, 0, -25],
						"1.0417": [0, 0, -25],
						"1.4583": [0, 0, -25],
						"1.875": [0, 0, -25],
						"3.75": [0, 0, 0]
					},
					"position": {
						"0.0": [0, 0, 0],
						"0.2083": [-0.2, 0.9, 0],
						"0.625": [-0.2, 0.9, 0],
						"1.0417": [-0.2, 0.9, 0],
						"1.4583": [-0.2, 0.9, 0],
						"1.875": [-0.2, 0.9, 0],
						"3.75": [0, 0, 0]
					},
					"scale": {
						"0.0": [1, 1, 1],
						"3.75": [1, 1, 1]
					}
				},
				"rightItem": {
					"rotation": {
						"0.0": [0, 0, 0],
						"3.75": [0, 0, 0]
					},
					"position": {
						"0.0": [0, 0, 0],
						"3.75": [0, 0, 0]
					},
					"scale": {
						"0.0": [1, 1, 1],
						"3.75": [1, 1, 1]
					}
				},
				"rightSleeve": {
					"rotation": {
						"0.0": [0, 0, 0],
						"3.75": [0, 0, 0]
					},
					"position": {
						"0.0": [0, 0, 0],
						"3.75": [0, 0, 0]
					},
					"scale": {
						"0.0": [1, 1, 1],
						"3.75": [1, 1, 1]
					}
				},
				"rs": {
					"rotation": {
						"0.0": [0, 0, 0],
						"0.2083": [0, 0, -25],
						"0.625": [0, 0, -25],
						"1.0417": [0, 0, -25],
						"1.4583": [0, 0, -25],
						"1.875": [0, 0, -25],
						"3.75": [0, 0, 0]
					},
					"position": {
						"0.0": [0, 0, 0],
						"0.2083": [-0.1, 0.5, 0],
						"0.625": [-0.1, 0.5, 0],
						"1.0417": [-0.1, 0.5, 0],
						"1.4583": [-0.1, 0.5, 0],
						"1.875": [-0.1, 0.5, 0],
						"3.75": [0, 0, 0]
					},
					"scale": {
						"0.0": [1, 1, 1],
						"3.75": [1, 1, 1]
					}
				},
				"jacket": {
					"rotation": {
						"0.0": [0, 0, 0],
						"3.75": [0, 0, 0]
					},
					"position": {
						"0.0": [0, 0, 0],
						"3.75": [0, 0, 0]
					},
					"scale": {
						"0.0": [1, 1, 1],
						"3.75": [1, 1, 1]
					}
				},
				"j": {
					"rotation": {
						"0.0": [0, 0, 0],
						"3.75": [0, 0, 0]
					},
					"position": {
						"0.0": [0, 0, 0],
						"3.75": [0, 0, 0]
					},
					"scale": {
						"0.0": [1, 1, 1],
						"3.75": [1, 1, 1]
					}
				},
				"leftLeg": {
					"rotation": {
						"0.0": [-20, 0, -10],
						"3.75": [-20, 0, -10]
					},
					"position": {
						"0.0": [0, 0, 0],
						"3.75": [0, 0, 0]
					},
					"scale": {
						"0.0": [1, 1, 1],
						"3.75": [1, 1, 1]
					}
				},
				"ll": {
					"rotation": {
						"0.0": [20, 0, 0],
						"3.75": [20, 0, 0]
					},
					"position": {
						"0.0": [0, 0.7, -0.1],
						"3.75": [0, 0.7, -0.1]
					},
					"scale": {
						"0.0": [1, 1, 1],
						"3.75": [1, 1, 1]
					}
				},
				"leftPants": {
					"rotation": {
						"0.0": [0, 0, 0],
						"3.75": [0, 0, 0]
					},
					"position": {
						"0.0": [0, 0, 0],
						"3.75": [0, 0, 0]
					},
					"scale": {
						"0.0": [1, 1, 1],
						"3.75": [1, 1, 1]
					}
				},
				"lp": {
					"rotation": {
						"0.0": [20, 0, 0],
						"3.75": [20, 0, 0]
					},
					"position": {
						"0.0": [0, 0.3, -0.1],
						"3.75": [0, 0.3, -0.1]
					},
					"scale": {
						"0.0": [1, 1, 1],
						"3.75": [1, 1, 1]
					}
				},
				"rightLeg": {
					"rotation": {
						"0.0": [-20, 0, 10],
						"3.75": [-20, 0, 10]
					},
					"position": {
						"0.0": [0, 0, 0],
						"3.75": [0, 0, 0]
					},
					"scale": {
						"0.0": [1, 1, 1],
						"3.75": [1, 1, 1]
					}
				},
				"rl": {
					"rotation": {
						"0.0": [20, 0, 0],
						"3.75": [20, 0, 0]
					},
					"position": {
						"0.0": [0, 0.7, -0.1],
						"3.75": [0, 0.7, -0.1]
					},
					"scale": {
						"0.0": [1, 1, 1],
						"3.75": [1, 1, 1]
					}
				},
				"rightPants": {
					"rotation": {
						"0.0": [0, 0, 0],
						"3.75": [0, 0, 0]
					},
					"position": {
						"0.0": [0, 0, 0],
						"3.75": [0, 0, 0]
					},
					"scale": {
						"0.0": [1, 1, 1],
						"3.75": [1, 1, 1]
					}
				},
				"rp": {
					"rotation": {
						"0.0": [20, 0, 0],
						"3.75": [20, 0, 0]
					},
					"position": {
						"0.0": [0, 0.3, -0.1],
						"3.75": [0, 0.3, -0.1]
					},
					"scale": {
						"0.0": [1, 1, 1],
						"3.75": [1, 1, 1]
					}
				}
			}
		}
	}
}