{
	"format_version": "1.8.0",
	"animations": {
		"animation.humanoid.custom.risa": {
			"animation_length": 1.83333,
			"bones": {
				"waist": {
					"rotation": {
						"0.0": [0, 0, 0],
						"1.8333": [0, 0, 0]
					},
					"position": {
						"0.0": [0, 0, 0],
						"1.8333": [0, 0, 0]
					},
					"scale": {
						"0.0": [1, 1, 1],
						"1.8333": [1, 1, 1]
					}
				},
				"body": {
					"rotation": {
						"0.0": [0, 0, 0],
						"0.1667": [-10, 0, 0],
						"0.5": [-10, 0, 0],
						"0.8333": [-10, 0, 0],
						"1.1667": [-10, 0, 0],
						"1.5": [-10, 0, 0],
						"1.6667": [-10, 0, 0],
						"1.8333": [0, 0, 0]
					},
					"position": {
						"0.0": [0, 0, 0],
						"0.1667": [0, 0, 1.1],
						"0.3333": [0, 0, 1.1],
						"0.5": [0, 0, 1.1],
						"0.6667": [0, 0, 1.1],
						"0.8333": [0, 0, 1.1],
						"1.0": [0, 0, 1.1],
						"1.1667": [0, 0, 1.1],
						"1.3333": [0, 0, 1.1],
						"1.5": [0, 0, 1.1],
						"1.6667": [0, 0, 1.1],
						"1.8333": [0, 0, 0]
					},
					"scale": {
						"0.0": [1, 1, 1],
						"0.1667": [1, 1.025, 1],
						"0.5": [1, 1.025, 1],
						"0.8333": [1, 1.025, 1],
						"1.1667": [1, 1.025, 1],
						"1.5": [1, 1.025, 1],
						"1.8333": [1, 1, 1]
					}
				},
				"bone": {
					"rotation": {
						"0.0": [0, 0, 0],
						"0.1667": [10, 0, 0],
						"0.3333": [10, 0, 0],
						"0.5": [10, 0, 0],
						"0.6667": [10, 0, 0],
						"0.8333": [10, 0, 0],
						"1.0": [10, 0, 0],
						"1.1667": [10, 0, 0],
						"1.3333": [10, 0, 0],
						"1.5": [10, 0, 0],
						"1.6667": [10, 0, 0],
						"1.8333": [0, 0, 0]
					},
					"position": {
						"0.0": [0, 0, 0],
						"0.3333": [0, 0.3, 0],
						"0.6667": [0, 0.3, 0],
						"1.0": [0, 0.3, 0],
						"1.3333": [0, 0.3, 0],
						"1.6667": [0, 0.3, 0],
						"1.8333": [0, 0, 0]
					},
					"scale": {
						"0.0": [1, 1.025, 1],
						"0.6667": [1, 1.025, 1],
						"1.0": [1, 1.025, 1],
						"1.3333": [1, 1.025, 1],
						"1.6667": [1, 1.025, 1],
						"1.8333": [1, 1, 1]
					}
				},
				"rightLeg": {
					"rotation": {
						"0.0": [0, 0, 0],
						"1.8333": [0, 0, 0]
					},
					"position": {
						"0.0": [0, 0, 0],
						"1.8333": [0, 0, 0]
					},
					"scale": {
						"0.0": [1, 1, 1],
						"1.8333": [1, 1, 1]
					}
				},
				"rl": {
					"rotation": {
						"0.0": [0, 0, 0],
						"1.8333": [0, 0, 0]
					},
					"position": {
						"0.0": [0, 0, 0],
						"1.8333": [0, 0, 0]
					},
					"scale": {
						"0.0": [1, 1, 1],
						"1.8333": [1, 1, 1]
					}
				},
				"rightArm": {
					"rotation": {
						"0.0": [0, 0, 0],
						"0.1667": [-50, 0, 0],
						"0.3333": [-60, 0, 0],
						"0.5": [-50, 0, 0],
						"0.6667": [-60, 0, 0],
						"0.8333": [-50, 0, 0],
						"1.0": [-60, 0, 0],
						"1.1667": [-50, 0, 0],
						"1.3333": [-60, 0, 0],
						"1.5": [-50, 0, 0],
						"1.6667": [-60, 0, 0],
						"1.8333": [0, 0, 0]
					},
					"position": {
						"0.0": [0, 0, 0],
						"0.1667": [0, 0, -1],
						"0.5": [0, 0, -1],
						"0.8333": [0, 0, -1],
						"1.1667": [0, 0, -1],
						"1.5": [0, 0, -1],
						"1.8333": [0, 0, 0]
					},
					"scale": {
						"0.0": [1, 1, 1],
						"1.8333": [1, 1, 1]
					}
				},
				"ra": {
					"rotation": {
						"0.0": [0, 0, 0],
						"0.1667": [0, 0, -50],
						"0.5": [0, 0, -50],
						"0.8333": [0, 0, -50],
						"1.1667": [0, 0, -50],
						"1.5": [0, 0, -50],
						"1.8333": [0, 0, 0]
					},
					"position": {
						"0.0": [0, 0, 0],
						"0.1667": [-0.7, 1.5, 0],
						"0.5": [-0.7, 1.5, 0],
						"0.8333": [-0.7, 1.5, 0],
						"1.1667": [-0.7, 1.5, 0],
						"1.5": [-0.7, 1.5, 0],
						"1.8333": [0, 0, 0]
					},
					"scale": {
						"0.0": [1, 1, 1],
						"1.8333": [1, 1, 1]
					}
				},
				"leftLeg": {
					"rotation": {
						"0.0": [0, 0, 0],
						"1.8333": [0, 0, 0]
					},
					"position": {
						"0.0": [0, 0, 0],
						"1.8333": [0, 0, 0]
					},
					"scale": {
						"0.0": [1, 1, 1],
						"1.8333": [1, 1, 1]
					}
				},
				"ll": {
					"rotation": {
						"0.0": [0, 0, 0],
						"1.8333": [0, 0, 0]
					},
					"position": {
						"0.0": [0, 0, 0],
						"1.8333": [0, 0, 0]
					},
					"scale": {
						"0.0": [1, 1, 1],
						"1.8333": [1, 1, 1]
					}
				},
				"leftArm": {
					"rotation": {
						"0.0": [0, 0, 0],
						"0.1667": [-50, 0, 0],
						"0.3333": [-60, 0, 0],
						"0.5": [-50, 0, 0],
						"0.6667": [-60, 0, 0],
						"0.8333": [-50, 0, 0],
						"1.0": [-60, 0, 0],
						"1.1667": [-50, 0, 0],
						"1.3333": [-60, 0, 0],
						"1.5": [-50, 0, 0],
						"1.6667": [-60, 0, 0],
						"1.8333": [0, 0, 0]
					},
					"position": {
						"0.0": [0, 0, 0],
						"0.1667": [0, 0, 0],
						"0.5": [0, 0, 0],
						"0.8333": [0, 0, 0],
						"1.1667": [0, 0, 0],
						"1.5": [0, 0, 0],
						"1.8333": [0, 0, 0]
					},
					"scale": {
						"0.0": [1, 1, 1],
						"1.8333": [1, 1, 1]
					}
				},
				"la": {
					"rotation": {
						"0.0": [0, 0, 0],
						"0.1667": [0, 0, 50],
						"0.5": [0, 0, 50],
						"0.8333": [0, 0, 50],
						"1.1667": [0, 0, 50],
						"1.5": [0, 0, 50],
						"1.8333": [0, 0, 0]
					},
					"position": {
						"0.0": [0, 0, 0],
						"0.1667": [0.7, 2.5, 0],
						"0.5": [0.7, 2.5, 0],
						"0.8333": [0.7, 2.5, 0],
						"1.1667": [0.7, 2.5, 0],
						"1.5": [0.7, 2.5, 0],
						"1.8333": [0, 0, 0]
					},
					"scale": {
						"0.0": [1, 1, 1],
						"1.8333": [1, 1, 1]
					}
				},
				"head": {
					"rotation": {
						"0.0": [0, 0, 0],
						"0.5": [-15, 0, 0],
						"0.8333": [-15, 0, 0],
						"1.1667": [-15, 0, 0],
						"1.5": [-15, 0, 0],
						"1.8333": [0, 0, 0]
					},
					"position": {
						"0.0": [0, 0, 0],
						"0.1667": [0, 0, 0],
						"0.3333": [0, 0.4, 0],
						"0.5": [0, 0, 0],
						"0.6667": [0, 0.4, 0],
						"0.8333": [0, 0, 0],
						"1.0": [0, 0.4, 0],
						"1.1667": [0, 0, 0],
						"1.3333": [0, 0.4, 0],
						"1.5": [0, 0, 0],
						"1.6667": [0, 0.4, 0],
						"1.8333": [0, 0, 0]
					},
					"scale": {
						"0.0": [1, 1, 1],
						"1.8333": [1, 1, 1]
					}
				},
				"hat": {
					"rotation": {
						"0.0": [0, 0, 0],
						"1.8333": [0, 0, 0]
					},
					"position": {
						"0.0": [0, 0, 0],
						"0.1667": [0, 0, 0],
						"0.3333": [0, 0.4, 0],
						"0.5": [0, 0, 0],
						"0.6667": [0, 0.4, 0],
						"0.8333": [0, 0, 0],
						"1.0": [0, 0.4, 0],
						"1.1667": [0, 0, 0],
						"1.3333": [0, 0.4, 0],
						"1.5": [0, 0, 0],
						"1.6667": [0, 0.4, 0],
						"1.8333": [0, 0, 0]
					},
					"scale": {
						"0.0": [1, 1, 1],
						"1.8333": [1, 1, 1]
					}
				},
				"root": {
					"rotation": {
						"0.0": [0, 0, 0],
						"1.8333": [0, 0, 0]
					},
					"position": {
						"0.0": [0, 0, 0],
						"1.8333": [0, 0, 0]
					},
					"scale": {
						"0.0": [1, 1, 1],
						"1.8333": [1, 1, 1]
					}
				},
				"cape": {
					"rotation": {
						"0.0": [0, 0, 0],
						"1.8333": [0, 0, 0]
					},
					"position": {
						"0.0": [0, 0, 0],
						"1.8333": [0, 0, 0]
					},
					"scale": {
						"0.0": [1, 1, 1],
						"1.8333": [1, 1, 1]
					}
				},
				"leftSleeve": {
					"rotation": {
						"0.0": [0, 0, 0],
						"1.8333": [0, 0, 0]
					},
					"position": {
						"0.0": [0, 0, 0],
						"1.8333": [0, 0, 0]
					},
					"scale": {
						"0.0": [1, 1, 1],
						"1.8333": [1, 1, 1]
					}
				},
				"ls": {
					"rotation": {
						"0.0": [0, 0, 0],
						"0.1667": [0, 0, 52.5],
						"0.5": [0, 0, 52.5],
						"0.8333": [0, 0, 52.5],
						"1.1667": [0, 0, 52.5],
						"1.5": [0, 0, 52.5],
						"1.8333": [0, 0, 0]
					},
					"position": {
						"0.0": [0, 0, 0],
						"0.1667": [0.7, 1.5, 0],
						"0.5": [0.7, 1.5, 0],
						"0.8333": [0.7, 1.5, 0],
						"1.1667": [0.7, 1.5, 0],
						"1.5": [0.7, 1.5, 0],
						"1.8333": [0, 0, 0]
					},
					"scale": {
						"0.0": [1, 1, 1],
						"1.8333": [1, 1, 1]
					}
				},
				"leftItem": {
					"rotation": {
						"0.0": [0, 0, 0],
						"1.8333": [0, 0, 0]
					},
					"position": {
						"0.0": [0, 0, 0],
						"1.8333": [0, 0, 0]
					},
					"scale": {
						"0.0": [1, 1, 1],
						"1.8333": [1, 1, 1]
					}
				},
				"rightItem": {
					"rotation": {
						"0.0": [0, 0, 0],
						"1.8333": [0, 0, 0]
					},
					"position": {
						"0.0": [0, 0, 0],
						"1.8333": [0, 0, 0]
					},
					"scale": {
						"0.0": [1, 1, 1],
						"1.8333": [1, 1, 1]
					}
				},
				"rightSleeve": {
					"rotation": {
						"0.0": [0, 0, 0],
						"1.8333": [0, 0, 0]
					},
					"position": {
						"0.0": [0, 0, 0],
						"1.8333": [0, 0, 0]
					},
					"scale": {
						"0.0": [1, 1, 1],
						"1.8333": [1, 1, 1]
					}
				},
				"rs": {
					"rotation": {
						"0.0": [0, 0, 0],
						"0.1667": [0, 0, -50],
						"0.5": [0, 0, -50],
						"0.8333": [0, 0, -50],
						"1.1667": [0, 0, -50],
						"1.5": [0, 0, -50],
						"1.8333": [0, 0, 0]
					},
					"position": {
						"0.0": [0, 0, 0],
						"0.1667": [-0.7, 1.5, 0],
						"0.5": [-0.7, 1.5, 0],
						"0.8333": [-0.7, 1.5, 0],
						"1.1667": [-0.7, 1.5, 0],
						"1.5": [-0.7, 1.5, 0],
						"1.8333": [0, 0, 0]
					},
					"scale": {
						"0.0": [1, 1, 1],
						"1.8333": [1, 1, 1]
					}
				},
				"jacket": {
					"rotation": {
						"0.0": [0, 0, 0],
						"0.1667": [0, 0, 0],
						"0.5": [0, 0, 0],
						"0.8333": [0, 0, 0],
						"1.1667": [0, 0, 0],
						"1.5": [0, 0, 0],
						"1.8333": [0, 0, 0]
					},
					"position": {
						"0.0": [0, 0, 0],
						"1.8333": [0, 0, 0]
					},
					"scale": {
						"0.0": [1, 1, 1],
						"0.3333": [1, 1.025, 1],
						"0.6667": [1, 1.025, 1],
						"1.0": [1, 1.025, 1],
						"1.3333": [1, 1.025, 1],
						"1.6667": [1, 1.025, 1],
						"1.8333": [1, 1, 1]
					}
				},
				"j": {
					"rotation": {
						"0.0": [0, 0, 0],
						"0.1667": [10, 0, 0],
						"0.3333": [10, 0, 0],
						"0.5": [10, 0, 0],
						"0.6667": [10, 0, 0],
						"0.8333": [10, 0, 0],
						"1.0": [10, 0, 0],
						"1.1667": [10, 0, 0],
						"1.3333": [10, 0, 0],
						"1.5": [10, 0, 0],
						"1.6667": [10, 0, 0],
						"1.8333": [0, 0, 0]
					},
					"position": {
						"0.0": [0, 0, 0],
						"0.3333": [0, 0.3, 0],
						"0.6667": [0, 0.3, 0],
						"1.0": [0, 0.3, 0],
						"1.3333": [0, 0.3, 0],
						"1.6667": [0, 0.3, 0],
						"1.8333": [0, 0, 0]
					},
					"scale": {
						"0.0": [1, 1, 1],
						"0.3333": [1, 1.025, 1],
						"0.6667": [1, 1.025, 1],
						"1.0": [1, 1.025, 1],
						"1.3333": [1, 1.025, 1],
						"1.6667": [1, 1.025, 1],
						"1.8333": [1, 1, 1]
					}
				},
				"leftPants": {
					"rotation": {
						"0.0": [0, 0, 0],
						"1.8333": [0, 0, 0]
					},
					"position": {
						"0.0": [0, 0, 0],
						"1.8333": [0, 0, 0]
					},
					"scale": {
						"0.0": [1, 1, 1],
						"1.8333": [1, 1, 1]
					}
				},
				"lp": {
					"rotation": {
						"0.0": [0, 0, 0],
						"1.8333": [0, 0, 0]
					},
					"position": {
						"0.0": [0, 0, 0],
						"1.8333": [0, 0, 0]
					},
					"scale": {
						"0.0": [1, 1, 1],
						"1.8333": [1, 1, 1]
					}
				},
				"rightPants": {
					"rotation": {
						"0.0": [0, 0, 0],
						"1.8333": [0, 0, 0]
					},
					"position": {
						"0.0": [0, 0, 0],
						"1.8333": [0, 0, 0]
					},
					"scale": {
						"0.0": [1, 1, 1],
						"1.8333": [1, 1, 1]
					}
				},
				"rp": {
					"rotation": {
						"0.0": [0, 0, 0],
						"1.8333": [0, 0, 0]
					},
					"position": {
						"0.0": [0, 0, 0],
						"1.8333": [0, 0, 0]
					},
					"scale": {
						"0.0": [1, 1, 1],
						"1.8333": [1, 1, 1]
					}
				}
			}
		}
	}
}