{
	"format_version": "1.8.0",
	"animations": {
		"animation.humanoid.t-pose": {
			"loop": true,
			"animation_length": 2.08,
			"bones": {
				"root": {
					"rotation": {
						"0.0": [0, 0, 0],
						"2.08": [0, 0, 0]
					},
					"position": {
						"0.0": [0, 0, 0],
						"2.08": [0, 0, 0]
					},
					"scale": {
						"0.0": [1, 1, 1],
						"2.08": [1, 1, 1]
					}
				},
				"leftArm": {
					"rotation": {
						"0.0": [0, 0, -90],
						"0.52": [0, 0, -87.5],
						"1.04": [0, 0, -90],
						"1.56": [0, 0, -92.5],
						"2.08": [0, 0, -90]
					},
					"position": {
						"0.0": [1, -1, 0],
						"2.08": [1, -1, 0]
					},
					"scale": {
						"0.0": [1, 1, 1],
						"2.08": [1, 1, 1]
					}
				},
				"rightArm": {
					"rotation": {
						"0.0": [0, 0, 90],
						"0.52": [0, 0, 87.5],
						"1.04": [0, 0, 90],
						"1.56": [0, 0, 92.5],
						"2.08": [0, 0, 90]
					},
					"position": {
						"0.0": [-1, 1, 0],
						"2.08": [-1, 1, 0]
					},
					"scale": {
						"0.0": [1, 1, 1],
						"2.08": [1, 1, 1]
					}
				}
			}
		}
	}
}