{
	"format_version": "1.8.0",
	"animations": {
		"animation.humanoid.flip_atras": {
			"loop": true,
			"animation_length": 1.52,
			"bones": {
				"root": {
					"rotation": {
						"0.0": [0, 0, 0],
						"0.32": [0, 0, 0],
						"0.56": [-40, 0, 0],
						"0.64": [-80, 0, 0],
						"0.72": [-120, 0, 0],
						"0.8": [-160, 0, 0],
						"0.88": [-200, 0, 0],
						"0.96": [-240, 0, 0],
						"1.04": [-280, 0, 0],
						"1.12": [-320, 0, 0],
						"1.2": [-360, 0, 0],
						"1.36": [-400, 0, 0]
					},
					"position": {
						"0.0": [0, 0, 0],
						"0.16": [0, -3, 0],
						"0.32": [0, 0, 0],
						"0.48": [0, 0, -5],
						"0.56": [0, 10, -7.5],
						"0.64": [0, 20, -10],
						"0.72": [0, 30, -7.5],
						"0.8": [0, 40, -5],
						"0.88": [0, 40, 0],
						"0.96": [0, 30, 2.5],
						"1.04": [0, 20, 5],
						"1.12": [0, 10, 2.5],
						"1.2": [0, -1.5, 0],
						"1.36": [0, -0.5, -2],
						"1.52": [0, 2, -5]
					},
					"scale": {
						"0.0": [1, 1, 1],
						"0.32": [1, 1, 1]
					}
				},
				"waist": {
					"rotation": {
						"0.0": [0, 0, 0],
						"0.16": [40, 0, 0],
						"0.32": [0, 0, 0],
						"0.48": [-40, 0, 0],
						"1.2": [-40, 0, 0],
						"1.36": [40, 0, 0]
					},
					"position": {
						"0.0": [0, 0, 0],
						"0.16": [0, 0, 4],
						"0.32": [0, 0, 0],
						"0.48": [0, 0, -5],
						"1.2": [0, 0, -5],
						"1.28": [0, -1, -3],
						"1.36": [0, 0, -1]
					},
					"scale": {
						"0.0": [1, 1, 1],
						"0.32": [1, 1, 1]
					}
				},
				"body": {
					"rotation": {
						"0.0": [0, 0, 0],
						"0.32": [0, 0, 0]
					},
					"position": {
						"0.0": [0, 0, 0],
						"0.32": [0, 0, 0]
					},
					"scale": {
						"0.0": [1, 1, 1],
						"0.32": [1, 1, 1]
					}
				},
				"bone": {
					"rotation": {
						"0.0": [0, 0, 0],
						"0.16": [-40, 0, 0],
						"0.32": [0, 0, 0],
						"0.48": [40, 0, 0],
						"1.2": [40, 0, 0],
						"1.36": [0, 0, 0]
					},
					"position": {
						"0.0": [0, 0, 0],
						"0.16": [0, 1.3, 0.5],
						"0.32": [0, 0, 0],
						"0.48": [0, 1.3, -0.5],
						"1.2": [0, 1.3, -0.5],
						"1.36": [0, 0, 0]
					},
					"scale": {
						"0.0": [1, 1.025, 1],
						"0.32": [1, 1.025, 1]
					}
				},
				"head": {
					"rotation": {
						"0.0": [0, 0, 0],
						"0.32": [0, 0, 0],
						"0.48": [0, 0, 0],
						"0.56": [-20, 0, 0],
						"0.64": [-40, 0, 0],
						"0.72": [-40, 0, 0],
						"0.8": [0, 0, 0],
						"0.88": [20, 0, 0],
						"0.96": [20, 0, 0],
						"1.04": [0, 0, 0],
						"1.12": [-20, 0, 0],
						"1.2": [0, 0, 0],
						"1.36": [0, 0, 0]
					},
					"position": {
						"0.0": [0, 0, 0],
						"0.32": [0, 0, 0],
						"0.48": [0, 0, 0]
					},
					"scale": {
						"0.0": [1, 1, 1],
						"0.32": [1, 1, 1]
					}
				},
				"hat": {
					"rotation": {
						"0.0": [0, 0, 0],
						"0.32": [0, 0, 0]
					},
					"position": {
						"0.0": [0, 0, 0],
						"0.32": [0, 0, 0]
					},
					"scale": {
						"0.0": [1, 1, 1],
						"0.32": [1, 1, 1]
					}
				},
				"cape": {
					"rotation": {
						"0.0": [0, 0, 0],
						"0.32": [0, 0, 0]
					},
					"position": {
						"0.0": [0, 0, 0],
						"0.32": [0, 0, 0]
					},
					"scale": {
						"0.0": [1, 1, 1],
						"0.32": [1, 1, 1]
					}
				},
				"leftArm": {
					"rotation": {
						"0.0": [0, 0, 0],
						"0.32": [0, 0, 0],
						"0.48": [0, 0, 0],
						"0.56": [-40, 0, 0],
						"1.52": [0, 0, 0]
					},
					"position": {
						"0.0": [0, 0, 0],
						"0.32": [0, 0, 0],
						"0.48": [0, 0, 0],
						"0.56": [0, 0, -1],
						"1.52": [0, 0, 0]
					},
					"scale": {
						"0.0": [1, 1, 1],
						"0.32": [1, 1, 1]
					}
				},
				"la": {
					"rotation": {
						"0.0": [0, 0, 0],
						"0.32": [0, 0, 0],
						"0.48": [-40, 0, 0],
						"1.52": [0, 0, 0]
					},
					"position": {
						"0.0": [0, 0, 0],
						"0.32": [0, 0, 0],
						"0.48": [0, 1.275, 0.475],
						"1.52": [0, 0, 0]
					},
					"scale": {
						"0.0": [1, 1, 1],
						"0.32": [1, 1, 1]
					}
				},
				"leftSleeve": {
					"rotation": {
						"0.0": [0, 0, 0],
						"0.32": [0, 0, 0]
					},
					"position": {
						"0.0": [0, 0, 0],
						"0.32": [0, 0, 0]
					},
					"scale": {
						"0.0": [1, 1, 1],
						"0.32": [1, 1, 1]
					}
				},
				"ls": {
					"rotation": {
						"0.0": [0, 0, 0],
						"0.32": [0, 0, 0],
						"0.48": [-40, 0, 0],
						"1.52": [0, 0, 0]
					},
					"position": {
						"0.0": [0, 0, 0],
						"0.32": [0, 0, 0],
						"0.48": [0, 0.975, 0.375],
						"1.52": [0, 0, 0]
					},
					"scale": {
						"0.0": [1, 1, 1],
						"0.32": [1, 1, 1]
					}
				},
				"leftItem": {
					"rotation": {
						"0.0": [0, 0, 0],
						"0.32": [0, 0, 0]
					},
					"position": {
						"0.0": [0, 0, 0],
						"0.32": [0, 0, 0]
					},
					"scale": {
						"0.0": [1, 1, 1],
						"0.32": [1, 1, 1]
					}
				},
				"rightArm": {
					"rotation": {
						"0.0": [0, 0, 0],
						"0.32": [0, 0, 0],
						"0.56": [-40, 0, 0],
						"1.52": [0, 0, 0]
					},
					"position": {
						"0.0": [0, 0, 0],
						"0.32": [0, 0, 0],
						"0.56": [0, 0, -1],
						"1.52": [0, 0, 0]
					},
					"scale": {
						"0.0": [1, 1, 1],
						"0.32": [1, 1, 1]
					}
				},
				"ra": {
					"rotation": {
						"0.0": [0, 0, 0],
						"0.32": [0, 0, 0],
						"0.48": [-40, 0, 0],
						"1.52": [0, 0, 0]
					},
					"position": {
						"0.0": [0, 0, 0],
						"0.32": [0, 0, 0],
						"0.48": [0, 1.275, 0.475],
						"1.52": [0, 0, 0]
					},
					"scale": {
						"0.0": [1, 1, 1],
						"0.32": [1, 1, 1]
					}
				},
				"rightItem": {
					"rotation": {
						"0.0": [0, 0, 0],
						"0.32": [0, 0, 0]
					},
					"position": {
						"0.0": [0, 0, 0],
						"0.32": [0, 0, 0]
					},
					"scale": {
						"0.0": [1, 1, 1],
						"0.32": [1, 1, 1]
					}
				},
				"rightSleeve": {
					"rotation": {
						"0.0": [0, 0, 0],
						"0.32": [0, 0, 0]
					},
					"position": {
						"0.0": [0, 0, 0],
						"0.32": [0, 0, 0]
					},
					"scale": {
						"0.0": [1, 1, 1],
						"0.32": [1, 1, 1]
					}
				},
				"rs": {
					"rotation": {
						"0.0": [0, 0, 0],
						"0.32": [0, 0, 0],
						"0.48": [-40, 0, 0],
						"1.52": [0, 0, 0]
					},
					"position": {
						"0.0": [0, 0, 0],
						"0.32": [0, 0, 0],
						"0.48": [0, 0.975, 0.375],
						"1.52": [0, 0, 0]
					},
					"scale": {
						"0.0": [1, 1, 1],
						"0.32": [1, 1, 1]
					}
				},
				"jacket": {
					"rotation": {
						"0.0": [0, 0, 0],
						"0.32": [0, 0, 0]
					},
					"position": {
						"0.0": [0, 0, 0],
						"0.32": [0, 0, 0]
					},
					"scale": {
						"0.0": [1, 1, 1],
						"0.32": [1, 1, 1]
					}
				},
				"j": {
					"rotation": {
						"0.0": [0, 0, 0],
						"0.16": [-40, 0, 0],
						"0.32": [0, 0, 0],
						"0.48": [40, 0, 0],
						"1.2": [40, 0, 0],
						"1.36": [0, 0, 0]
					},
					"position": {
						"0.0": [0, 0, 0],
						"0.16": [0, 1, 0.4],
						"0.32": [0, 0, 0],
						"0.48": [0, 1, -0.4],
						"1.2": [0, 1, -0.4],
						"1.36": [0, 0, 0]
					},
					"scale": {
						"0.0": [1, 1, 1],
						"0.32": [1, 1, 1]
					}
				},
				"leftLeg": {
					"rotation": {
						"0.0": [0, 0, 0],
						"0.16": [-40, 0, -10],
						"0.32": [0, 0, 0],
						"0.48": [0, 0, -10],
						"1.36": [0, 0, -10],
						"1.52": [40, 0, 0]
					},
					"position": {
						"0.0": [0, 0, 0],
						"0.32": [0, 0, 0],
						"0.48": [0, 0, -0.7],
						"1.36": [0, 0, -0.7],
						"1.52": [0, 0, -1]
					},
					"scale": {
						"0.0": [1, 1, 1],
						"0.32": [1, 1, 1]
					}
				},
				"ll": {
					"rotation": {
						"0.0": [0, 0, 0],
						"0.16": [40, 0, 0],
						"0.32": [0, 0, 0],
						"0.48": [40, 0, 0],
						"1.36": [40, 0, 0],
						"1.52": [0, 0, 0]
					},
					"position": {
						"0.0": [0, 0, 0],
						"0.16": [0, 1.3, -0.5],
						"0.32": [0, 0, 0],
						"0.48": [0, 1.3, -0.5],
						"1.36": [0, 1.3, -0.5],
						"1.52": [0, 0, 0]
					},
					"scale": {
						"0.0": [1, 1, 1],
						"0.32": [1, 1, 1]
					}
				},
				"leftPants": {
					"rotation": {
						"0.0": [0, 0, 0],
						"0.32": [0, 0, 0]
					},
					"position": {
						"0.0": [0, 0, 0],
						"0.32": [0, 0, 0]
					},
					"scale": {
						"0.0": [1, 1, 1],
						"0.32": [1, 1, 1]
					}
				},
				"lp": {
					"rotation": {
						"0.0": [0, 0, 0],
						"0.16": [40, 0, 0],
						"0.32": [0, 0, 0],
						"0.48": [40, 0, 0],
						"1.36": [40, 0, 0],
						"1.52": [0, 0, 0]
					},
					"position": {
						"0.0": [0, 0, 0],
						"0.16": [0, 1.1, -0.3],
						"0.32": [0, 0, 0],
						"0.48": [0, 1.1, -0.3],
						"1.36": [0, 1.1, -0.3],
						"1.52": [0, 0, 0]
					},
					"scale": {
						"0.0": [1, 1, 1],
						"0.32": [1, 1, 1]
					}
				},
				"rightLeg": {
					"rotation": {
						"0.0": [0, 0, 0],
						"0.16": [-40, 0, 10],
						"0.32": [0, 0, 0],
						"0.48": [0, 0, 10],
						"1.36": [0, 0, 10],
						"1.52": [40, 0, 0]
					},
					"position": {
						"0.0": [0, 0, 0],
						"0.32": [0, 0, 0],
						"0.48": [0, 0, -0.7],
						"1.36": [0, 0, -0.7],
						"1.52": [0, 0, -1]
					},
					"scale": {
						"0.0": [1, 1, 1],
						"0.32": [1, 1, 1]
					}
				},
				"rl": {
					"rotation": {
						"0.0": [0, 0, 0],
						"0.16": [40, 0, 0],
						"0.32": [0, 0, 0],
						"0.48": [40, 0, 0],
						"1.36": [40, 0, 0],
						"1.52": [0, 0, 0]
					},
					"position": {
						"0.0": [0, 0, 0],
						"0.16": [0, 1.3, -0.5],
						"0.32": [0, 0, 0],
						"0.48": [0, 1.3, -0.5],
						"1.36": [0, 1.3, -0.5],
						"1.52": [0, 0, 0]
					},
					"scale": {
						"0.0": [1, 1, 1],
						"0.32": [1, 1, 1]
					}
				},
				"rightPants": {
					"rotation": {
						"0.0": [0, 0, 0],
						"0.32": [0, 0, 0],
						"1.36": [0, 0, 0],
						"1.52": [0, 0, 0]
					},
					"position": {
						"0.0": [0, 0, 0],
						"0.32": [0, 0, 0],
						"1.36": [0, 0, 0],
						"1.52": [0, 0, 0]
					},
					"scale": {
						"0.0": [1, 1, 1],
						"0.32": [1, 1, 1]
					}
				},
				"rp": {
					"rotation": {
						"0.0": [0, 0, 0],
						"0.16": [40, 0, 0],
						"0.32": [0, 0, 0],
						"0.48": [40, 0, 0],
						"1.36": [40, 0, 0],
						"1.52": [0, 0, 0]
					},
					"position": {
						"0.0": [0, 0, 0],
						"0.16": [0, 1.1, -0.3],
						"0.32": [0, 0, 0],
						"0.48": [0, 1.1, -0.3],
						"1.36": [0, 1, -0.3],
						"1.52": [0, 0, 0]
					},
					"scale": {
						"0.0": [1, 1, 1],
						"0.32": [1, 1, 1]
					}
				}
			}
		}
	}
}