{
	"format_version": "1.8.0",
	"animations": {
		"animation.humanoid.custom.llorar": {
			"animation_length": 1.83333,
			"bones": {
				"waist": {
					"rotation": {
						"0.0": [0, 0, 0],
						"0.1667": [0, 0, 0],
						"0.5": [0, 0, 0],
						"0.8333": [0, 0, 0],
						"1.1667": [0, 0, 0],
						"1.5": [0, 0, 0],
						"1.8333": [0, 0, 0]
					},
					"position": {
						"0.0": [0, 0, 0],
						"0.1667": [0, 0, 0],
						"0.5": [0, 0, 0],
						"0.8333": [0, 0, 0],
						"1.1667": [0, 0, 0],
						"1.5": [0, 0, 0],
						"1.8333": [0, 0, 0]
					},
					"scale": {
						"0.0": [1, 1, 1],
						"0.1667": [1, 1, 1],
						"0.5": [1, 1, 1],
						"0.8333": [1, 1, 1],
						"1.1667": [1, 1, 1],
						"1.5": [1, 1, 1],
						"1.8333": [1, 1, 1]
					}
				},
				"body": {
					"rotation": {
						"0.0": [0, 0, 0],
						"0.1667": [5, 0, 0],
						"0.3333": [10, 0, 0],
						"0.5": [5, 0, 0],
						"0.6667": [10, 0, 0],
						"0.8333": [5, 0, 0],
						"1.0": [10, 0, 0],
						"1.1667": [5, 0, 0],
						"1.3333": [10, 0, 0],
						"1.5": [5, 0, 0],
						"1.6667": [10, 0, 0],
						"1.8333": [0, 0, 0]
					},
					"position": {
						"0.0": [0, 0, 0],
						"0.1667": [0, -0.2, -1.1],
						"0.3333": [0, -0.4, -2.1],
						"0.5": [0, -0.2, -1.1],
						"0.6667": [0, -0.4, -2.1],
						"0.8333": [0, -0.2, -1.1],
						"1.0": [0, -0.4, -2.1],
						"1.1667": [0, -0.2, -1.1],
						"1.3333": [0, -0.4, -2.1],
						"1.5": [0, -0.2, -1.1],
						"1.6667": [0, -0.4, -2.1],
						"1.8333": [0, 0, 0]
					},
					"scale": {
						"0.0": [1, 1, 1],
						"0.1667": [1, 1, 1],
						"0.5": [1, 1, 1],
						"0.8333": [1, 1, 1],
						"1.1667": [1, 1, 1],
						"1.5": [1, 1, 1],
						"1.8333": [1, 1, 1]
					}
				},
				"bone": {
					"rotation": {
						"0.0": [0, 0, 0],
						"0.1667": [0, 0, 0],
						"0.5": [0, 0, 0],
						"0.8333": [0, 0, 0],
						"1.1667": [0, 0, 0],
						"1.5": [0, 0, 0],
						"1.8333": [0, 0, 0]
					},
					"position": {
						"0.0": [0, 0, 0],
						"0.1667": [0, 0, 0],
						"0.5": [0, 0, 0],
						"0.8333": [0, 0, 0],
						"1.1667": [0, 0, 0],
						"1.5": [0, 0, 0],
						"1.8333": [0, 0, 0]
					},
					"scale": {
						"0.0": [1, 1, 1],
						"0.1667": [1, 1, 1],
						"0.5": [1, 1, 1],
						"0.8333": [1, 1, 1],
						"1.1667": [1, 1, 1],
						"1.5": [1, 1, 1],
						"1.8333": [1, 1, 1]
					}
				},
				"rightLeg": {
					"rotation": {
						"0.0": [0, 0, 0],
						"0.1667": [0, 0, 0],
						"0.5": [0, 0, 0],
						"0.8333": [0, 0, 0],
						"1.1667": [0, 0, 0],
						"1.5": [0, 0, 0],
						"1.8333": [0, 0, 0]
					},
					"position": {
						"0.0": [0, 0, 0],
						"0.1667": [0, 0, 0],
						"0.5": [0, 0, 0],
						"0.8333": [0, 0, 0],
						"1.1667": [0, 0, 0],
						"1.5": [0, 0, 0],
						"1.8333": [0, 0, 0]
					},
					"scale": {
						"0.0": [1, 1, 1],
						"0.1667": [1, 1, 1],
						"0.5": [1, 1, 1],
						"0.8333": [1, 1, 1],
						"1.1667": [1, 1, 1],
						"1.5": [1, 1, 1],
						"1.8333": [1, 1, 1]
					}
				},
				"rl": {
					"rotation": {
						"0.0": [0, 0, 0],
						"0.1667": [0, 0, 0],
						"0.5": [0, 0, 0],
						"0.8333": [0, 0, 0],
						"1.1667": [0, 0, 0],
						"1.5": [0, 0, 0],
						"1.8333": [0, 0, 0]
					},
					"position": {
						"0.0": [0, 0, 0],
						"0.1667": [0, 0, 0],
						"0.5": [0, 0, 0],
						"0.8333": [0, 0, 0],
						"1.1667": [0, 0, 0],
						"1.5": [0, 0, 0],
						"1.8333": [0, 0, 0]
					},
					"scale": {
						"0.0": [1, 1, 1],
						"0.1667": [1, 1, 1],
						"0.5": [1, 1, 1],
						"0.8333": [1, 1, 1],
						"1.1667": [1, 1, 1],
						"1.5": [1, 1, 1],
						"1.8333": [1, 1, 1]
					}
				},
				"rightArm": {
					"rotation": {
						"0.0": [0, 0, 0],
						"0.1667": [-60, -35, 0],
						"0.3333": [-50, -35, 0],
						"0.5": [-60, -35, 0],
						"0.6667": [-50, -35, 0],
						"0.8333": [-60, -35, 0],
						"1.0": [-50, -35, 0],
						"1.1667": [-60, -35, 0],
						"1.3333": [-50, -35, 0],
						"1.5": [-60, -35, 0],
						"1.6667": [-50, -35, 0],
						"1.8333": [0, 0, 0]
					},
					"position": {
						"0.0": [0, 0, 0],
						"0.1667": [0, 0.3, -2],
						"0.3333": [0, -1, -2],
						"0.5": [0, 0.3, -2],
						"0.6667": [0, -1, -2],
						"0.8333": [0, 0.3, -2],
						"1.0": [0, -1, -2],
						"1.1667": [0, 0.3, -2],
						"1.3333": [0, -1, -2],
						"1.5": [0, 0.3, -2],
						"1.6667": [0, -1, -2],
						"1.8333": [0, 0, 0]
					},
					"scale": {
						"0.0": [1, 1, 1],
						"0.1667": [1, 1, 1],
						"0.5": [1, 1, 1],
						"0.8333": [1, 1, 1],
						"1.1667": [1, 1, 1],
						"1.5": [1, 1, 1],
						"1.8333": [1, 1, 1]
					}
				},
				"ra": {
					"rotation": {
						"0.0": [0, 0, 0],
						"0.1667": [-50, 0, 0],
						"0.3333": [-50, 0, 0],
						"0.5": [-50, 0, 0],
						"0.6667": [-50, 0, 0],
						"0.8333": [-50, 0, 0],
						"1.0": [-50, 0, 0],
						"1.1667": [-50, 0, 0],
						"1.3333": [-50, 0, 0],
						"1.5": [-50, 0, 0],
						"1.6667": [-50, 0, 0],
						"1.8333": [0, 0, 0]
					},
					"position": {
						"0.0": [0, 0, 0],
						"0.1667": [0, 1.5, 0.7],
						"0.3333": [0, 1.5, 0.7],
						"0.5": [0, 1.5, 0.7],
						"0.6667": [0, 1.5, 0.7],
						"0.8333": [0, 1.5, 0.7],
						"1.0": [0, 1.5, 0.7],
						"1.1667": [0, 1.5, 0.7],
						"1.3333": [0, 1.5, 0.7],
						"1.5": [0, 1.5, 0.7],
						"1.6667": [0, 1.5, 0.7],
						"1.8333": [0, 0, 0]
					},
					"scale": {
						"0.0": [1, 1, 1],
						"0.1667": [1, 1, 1],
						"0.5": [1, 1, 1],
						"0.8333": [1, 1, 1],
						"1.1667": [1, 1, 1],
						"1.5": [1, 1, 1],
						"1.8333": [1, 1, 1]
					}
				},
				"leftLeg": {
					"rotation": {
						"0.0": [0, 0, 0],
						"0.1667": [0, 0, 0],
						"0.5": [0, 0, 0],
						"0.8333": [0, 0, 0],
						"1.1667": [0, 0, 0],
						"1.5": [0, 0, 0],
						"1.8333": [0, 0, 0]
					},
					"position": {
						"0.0": [0, 0, 0],
						"0.1667": [0, 0, 0],
						"0.5": [0, 0, 0],
						"0.8333": [0, 0, 0],
						"1.1667": [0, 0, 0],
						"1.5": [0, 0, 0],
						"1.8333": [0, 0, 0]
					},
					"scale": {
						"0.0": [1, 1, 1],
						"0.1667": [1, 1, 1],
						"0.5": [1, 1, 1],
						"0.8333": [1, 1, 1],
						"1.1667": [1, 1, 1],
						"1.5": [1, 1, 1],
						"1.8333": [1, 1, 1]
					}
				},
				"ll": {
					"rotation": {
						"0.0": [0, 0, 0],
						"0.1667": [0, 0, 0],
						"0.5": [0, 0, 0],
						"0.8333": [0, 0, 0],
						"1.1667": [0, 0, 0],
						"1.5": [0, 0, 0],
						"1.8333": [0, 0, 0]
					},
					"position": {
						"0.0": [0, 0, 0],
						"0.1667": [0, 0, 0],
						"0.5": [0, 0, 0],
						"0.8333": [0, 0, 0],
						"1.1667": [0, 0, 0],
						"1.5": [0, 0, 0],
						"1.8333": [0, 0, 0]
					},
					"scale": {
						"0.0": [1, 1, 1],
						"0.1667": [1, 1, 1],
						"0.5": [1, 1, 1],
						"0.8333": [1, 1, 1],
						"1.1667": [1, 1, 1],
						"1.5": [1, 1, 1],
						"1.8333": [1, 1, 1]
					}
				},
				"leftArm": {
					"rotation": {
						"0.0": [0, 0, 0],
						"0.1667": [-60, 35, 0],
						"0.3333": [-50, 35, 0],
						"0.5": [-60, 35, 0],
						"0.6667": [-50, 35, 0],
						"0.8333": [-60, 35, 0],
						"1.0": [-50, 35, 0],
						"1.1667": [-60, 35, 0],
						"1.3333": [-50, 35, 0],
						"1.5": [-60, 35, 0],
						"1.6667": [-50, 35, 0],
						"1.8333": [0, 0, 0]
					},
					"position": {
						"0.0": [0, 0, 0],
						"0.1667": [0, 0, -1],
						"0.3333": [0, -1, -2],
						"0.5": [0, 0, -1],
						"0.6667": [0, -1, -2],
						"0.8333": [0, 0, -1],
						"1.0": [0, -1, -2],
						"1.1667": [0, 0, -1],
						"1.3333": [0, -1, -2],
						"1.5": [0, 0, -1],
						"1.6667": [0, -1, -2],
						"1.8333": [0, 0, 0]
					},
					"scale": {
						"0.0": [1, 1, 1],
						"0.1667": [1, 1, 1],
						"0.5": [1, 1, 1],
						"0.8333": [1, 1, 1],
						"1.1667": [1, 1, 1],
						"1.5": [1, 1, 1],
						"1.8333": [1, 1, 1]
					}
				},
				"la": {
					"rotation": {
						"0.0": [0, 0, 0],
						"0.1667": [-50, 0, 0],
						"0.3333": [-50, 0, 0],
						"0.5": [-50, 0, 0],
						"0.6667": [-50, 0, 0],
						"0.8333": [-50, 0, 0],
						"1.0": [-50, 0, 0],
						"1.1667": [-50, 0, 0],
						"1.3333": [-50, 0, 0],
						"1.5": [-50, 0, 0],
						"1.6667": [-50, 0, 0],
						"1.8333": [0, 0, 0]
					},
					"position": {
						"0.0": [0, 0, 0],
						"0.1667": [0, 1.5, 0.7],
						"0.3333": [0, 1.5, 0.7],
						"0.5": [0, 1.5, 0.7],
						"0.6667": [0, 1.5, 0.7],
						"0.8333": [0, 1.5, 0.7],
						"1.0": [0, 1.5, 0.7],
						"1.1667": [0, 1.5, 0.7],
						"1.3333": [0, 1.5, 0.7],
						"1.5": [0, 1.5, 0.7],
						"1.6667": [0, 1.5, 0.7],
						"1.8333": [0, 0, 0]
					},
					"scale": {
						"0.0": [1, 1, 1],
						"0.1667": [1, 1, 1],
						"0.5": [1, 1, 1],
						"0.8333": [1, 1, 1],
						"1.1667": [1, 1, 1],
						"1.5": [1, 1, 1],
						"1.8333": [1, 1, 1]
					}
				},
				"head": {
					"rotation": {
						"0.0": [0, 0, 0],
						"0.1667": [50, 0, 0],
						"0.3333": [70, 0, 0],
						"0.5": [50, 0, 0],
						"0.6667": [70, 0, 0],
						"0.8333": [50, 0, 0],
						"1.0": [70, 0, 0],
						"1.1667": [50, 0, 0],
						"1.3333": [70, 0, 0],
						"1.5": [50, 0, 0],
						"1.6667": [70, 0, 0],
						"1.8333": [0, 0, 0]
					},
					"position": {
						"0.0": [0, 0, 0],
						"0.1667": [0, -1, -1],
						"0.3333": [0, -1, -1],
						"0.5": [0, -1, -1],
						"0.6667": [0, -1, -1],
						"0.8333": [0, -1, -1],
						"1.0": [0, -1, -1],
						"1.1667": [0, -1, -1],
						"1.3333": [0, -1, -1],
						"1.5": [0, -1, -1],
						"1.6667": [0, -1, -1],
						"1.8333": [0, 0, 0]
					},
					"scale": {
						"0.0": [1, 1, 1],
						"0.1667": [1, 1, 1],
						"0.5": [1, 1, 1],
						"0.8333": [1, 1, 1],
						"1.1667": [1, 1, 1],
						"1.5": [1, 1, 1],
						"1.8333": [1, 1, 1]
					}
				},
				"hat": {
					"rotation": {
						"0.0": [0, 0, 0],
						"0.1667": [0, 0, 0],
						"0.5": [0, 0, 0],
						"0.8333": [0, 0, 0],
						"1.1667": [0, 0, 0],
						"1.5": [0, 0, 0],
						"1.8333": [0, 0, 0]
					},
					"position": {
						"0.0": [0, 0, 0],
						"0.1667": [0, 0, 0],
						"0.5": [0, 0, 0],
						"0.8333": [0, 0, 0],
						"1.1667": [0, 0, 0],
						"1.5": [0, 0, 0],
						"1.8333": [0, 0, 0]
					},
					"scale": {
						"0.0": [1, 1, 1],
						"0.1667": [1, 1, 1],
						"0.5": [1, 1, 1],
						"0.8333": [1, 1, 1],
						"1.1667": [1, 1, 1],
						"1.5": [1, 1, 1],
						"1.8333": [1, 1, 1]
					}
				},
				"leftSleeve": {
					"position": {
						"0.1667": [0, 0, 0],
						"0.5": [0, 0, 0],
						"0.8333": [0, 0, 0],
						"1.1667": [0, 0, 0],
						"1.5": [0, 0, 0]
					}
				},
				"ls": {
					"rotation": {
						"0.0": [0, 0, 0],
						"0.1667": [-50, 0, 0],
						"0.5": [-50, 0, 0],
						"0.8333": [-50, 0, 0],
						"1.1667": [-50, 0, 0],
						"1.5": [-50, 0, 0],
						"1.8333": [0, 0, 0]
					},
					"position": {
						"0.0": [0, 0, 0],
						"0.1667": [0, 1.5, 0.7],
						"0.5": [0, 1.5, 0.7],
						"0.8333": [0, 1.5, 0.7],
						"1.1667": [0, 1.5, 0.7],
						"1.5": [0, 1.5, 0.7],
						"1.8333": [0, 0, 0]
					},
					"scale": {
						"0.0": [1, 1, 1],
						"0.1667": [1, 1, 1],
						"0.5": [1, 1, 1],
						"0.8333": [1, 1, 1],
						"1.1667": [1, 1, 1],
						"1.5": [1, 1, 1],
						"1.8333": [1, 1, 1]
					}
				},
				"rs": {
					"rotation": {
						"0.0": [0, 0, 0],
						"0.1667": [-50, 0, 0],
						"0.5": [-50, 0, 0],
						"0.8333": [-50, 0, 0],
						"1.1667": [-50, 0, 0],
						"1.5": [-50, 0, 0],
						"1.8333": [0, 0, 0]
					},
					"position": {
						"0.0": [0, 0, 0],
						"0.1667": [0, 1.5, 0.7],
						"0.5": [0, 1.5, 0.7],
						"0.8333": [0, 1.5, 0.7],
						"1.1667": [0, 1.5, 0.7],
						"1.5": [0, 1.5, 0.7],
						"1.8333": [0, 0, 0]
					},
					"scale": {
						"0.0": [1, 1, 1],
						"0.1667": [1, 1, 1],
						"0.5": [1, 1, 1],
						"0.8333": [1, 1, 1],
						"1.1667": [1, 1, 1],
						"1.5": [1, 1, 1],
						"1.8333": [1, 1, 1]
					}
				}
			}
		}
	}
}