{
	"format_version": "1.8.0",
	"animations": {
		"animation.humanoid.customm.campeon": {
			"loop": true,
			"animation_length": 2.08,
			"bones": {
				"root": {
					"rotation": [0, 0, 0],
					"position": [0, 0, 0],
					"scale": 1
				},
				"waist": {
					"rotation": [0, 0, 0],
					"position": [0, 0, 0],
					"scale": 1
				},
				"body": {
					"rotation": [0, 0, 0],
					"position": [0, 0, 0],
					"scale": 1
				},
				"bone": {
					"rotation": [0, 0, 0],
					"position": [0, 0, 0],
					"scale": [1, 1.025, 1]
				},
				"head": {
					"rotation": {
						"0.0": [0, 0, 0],
						"0.36": [0, 0, 0],
						"0.68": [0, -60, -20],
						"2.08": [0, -60, -20]
					},
					"position": [0, 0, 0],
					"scale": 1
				},
				"hat": {
					"rotation": [0, 0, 0],
					"position": [0, 0, 0],
					"scale": 1
				},
				"cape": {
					"rotation": [0, 0, 0],
					"position": [0, 0, 0],
					"scale": 1
				},
				"leftArm": {
					"rotation": {
						"0.0": [0, 0, 0],
						"0.36": [0, -90, -90],
						"0.68": [0, -90, -120],
						"2.08": [0, -90, -120]
					},
					"position": {
						"0.0": [0, 0, 0],
						"0.36": [1, 0, -1],
						"0.68": [0, 1, -1],
						"2.08": [0, 1, -1]
					},
					"scale": 1
				},
				"la": {
					"rotation": {
						"0.0": [0, 0, 0],
						"0.36": [-50, 0, 0],
						"0.68": [0, 0, 0],
						"2.08": [0, 0, 0]
					},
					"position": {
						"0.0": [0, 0, 0],
						"0.36": [0, 1.5, 0.7],
						"0.68": [0, 0, 0],
						"2.08": [0, 0, 0]
					},
					"scale": 1
				},
				"leftSleeve": {
					"rotation": [0, 0, 0],
					"position": [0, 0, 0],
					"scale": 1
				},
				"ls": {
					"rotation": {
						"0.0": [0, 0, 0],
						"0.36": [-50, 0, 0],
						"0.68": [0, 0, 0],
						"2.08": [0, 0, 0]
					},
					"position": {
						"0.0": [0, 0, 0],
						"0.36": [0, 1.3, 0.6],
						"0.68": [0, 0, 0],
						"2.08": [0, 0, 0]
					},
					"scale": 1
				},
				"leftItem": {
					"rotation": [0, 0, 0],
					"position": [0, 0, 0],
					"scale": 1
				},
				"rightArm": {
					"rotation": {
						"0.0": [0, 0, 0],
						"0.36": [0, 90, 90],
						"0.68": [0, 90, 100],
						"2.08": [0, 90, 100]
					},
					"position": {
						"0.0": [0, 0, 0],
						"0.36": [-1, 1, 0],
						"0.68": [-1, 1, 0],
						"2.08": [-1, 1, 0]
					},
					"scale": 1
				},
				"ra": {
					"rotation": {
						"0.0": [0, 0, 0],
						"0.36": [-50, 0, 0],
						"0.68": [-70, 0, 0],
						"2.08": [-70, 0, 0]
					},
					"position": {
						"0.0": [0, 0, 0],
						"0.36": [0, 1.5, 0.7],
						"0.68": [0, 1.9, 1.3],
						"2.08": [0, 1.9, 1.3]
					},
					"scale": 1
				},
				"rightItem": {
					"rotation": [0, 0, 0],
					"position": [0, 0, 0],
					"scale": 1
				},
				"rightSleeve": {
					"rotation": [0, 0, 0],
					"position": [0, 0, 0],
					"scale": 1
				},
				"rs": {
					"rotation": {
						"0.0": [0, 0, 0],
						"0.36": [-50, 0, 0],
						"0.68": [-70, 0, 0],
						"2.08": [-70, 0, 0]
					},
					"position": {
						"0.0": [0, 0, 0],
						"0.36": [0, 1.3, 0.6],
						"0.68": [0, 1.8, 1.2],
						"2.08": [0, 1.8, 1.2]
					},
					"scale": 1
				},
				"jacket": {
					"rotation": [0, 0, 0],
					"position": [0, 0, 0],
					"scale": 1
				},
				"j": {
					"rotation": [0, 0, 0],
					"position": [0, 0, 0],
					"scale": 1
				},
				"leftLeg": {
					"rotation": [0, 0, 0],
					"position": [0, 0, 0],
					"scale": 1
				},
				"ll": {
					"rotation": [0, 0, 0],
					"position": [0, 0, 0],
					"scale": 1
				},
				"leftPants": {
					"rotation": [0, 0, 0],
					"position": [0, 0, 0],
					"scale": 1
				},
				"lp": {
					"rotation": [0, 0, 0],
					"position": [0, 0, 0],
					"scale": 1
				},
				"rightLeg": {
					"rotation": [0, 0, 0],
					"position": [0, 0, 0],
					"scale": 1
				},
				"rl": {
					"rotation": [0, 0, 0],
					"position": [0, 0, 0],
					"scale": 1
				},
				"rightPants": {
					"rotation": [0, 0, 0],
					"position": [0, 0, 0],
					"scale": 1
				},
				"rp": {
					"rotation": [0, 0, 0],
					"position": [0, 0, 0],
					"scale": 1
				}
			}
		}
	}
}