{
	"format_version": "1.8.0",
	"animations": {
		"animation.humanoid.customm.baile_23": {
			"loop": true,
			"animation_length": 1,
			"bones": {
				"root": {
					"position": {
						"0.0": [0, 0, 0],
						"0.5": [0, 0, 0],
						"1.0": [0, 0, 0]
					},
					"scale": {
						"0.0": [1, 1, 1],
						"0.25": [1, 0.975, 1],
						"0.5": [1, 1, 1],
						"0.75": [1, 0.975, 1],
						"1.0": [1, 1, 1]
					}
				},
				"waist": {
					"rotation": {
						"0.0": [0, 0, 0],
						"0.5": [0, 0, 0],
						"1.0": [0, 0, 0]
					},
					"position": {
						"0.0": [0, -0.5, -2],
						"0.25": [-0.8, -1.2, 0],
						"0.5": [0, -0.5, -2],
						"0.6667": [0.6, -0.87, -0.7],
						"0.75": [0.8, -1.2, -0.2],
						"1.0": [0, -0.5, -2]
					}
				},
				"head": {
					"rotation": {
						"0.0": [0, 0, 0],
						"0.25": [-5, 0, -10],
						"0.3333": [-7.5, 0, -10],
						"0.5": [0, 0, 0],
						"0.75": [-5, 0, 10],
						"0.8333": [-7.5, 0, 10],
						"1.0": [0, 0, 0]
					}
				},
				"leftArm": {
					"rotation": {
						"0.0": [-85, 0, 0],
						"0.5": [-85, 0, 0],
						"1.0": [-85, 0, 0]
					},
					"position": {
						"0.0": [0, 0, 0],
						"0.5": [0, 0, 0],
						"1.0": [0, 0, 0]
					}
				},
				"la": {
					"rotation": {
						"0.0": [0, 0, 0],
						"0.25": [0, 0, 45],
						"0.5": [0, 0, 0],
						"0.75": [0, 0, 45],
						"1.0": [0, 0, 0]
					},
					"position": {
						"0.0": [0, 0, 0],
						"0.25": [0.875, 2.1, 0],
						"0.5": [0, 0, 0],
						"0.75": [0.875, 2.1, 0],
						"1.0": [0, 0, 0]
					}
				},
				"ls": {
					"rotation": {
						"0.0": [0, 0, 0],
						"0.25": [0, 0, 45],
						"0.5": [0, 0, 0],
						"0.75": [0, 0, 45],
						"1.0": [0, 0, 0]
					},
					"position": {
						"0.0": [0, 0, 0],
						"0.25": [0.575, 1.4, 0],
						"0.5": [0, 0, 0],
						"0.75": [0.575, 1.4, 0],
						"1.0": [0, 0, 0]
					}
				},
				"rightArm": {
					"rotation": {
						"0.0": [-85, 0, 0],
						"0.5": [-85, 0, 0],
						"1.0": [-85, 0, 0]
					},
					"position": {
						"0.0": [0, 1, -1],
						"0.25": [0, 1, -1],
						"0.5": [0, 1, -1],
						"0.75": [0, 1, -1],
						"1.0": [0, 1, -1]
					}
				},
				"ra": {
					"rotation": {
						"0.0": [0, 0, 0],
						"0.25": [0, 0, -45],
						"0.5": [0, 0, 0],
						"0.75": [0, 0, -45],
						"1.0": [0, 0, 0]
					},
					"position": {
						"0.0": [0, 0, 0],
						"0.25": [-0.6, 1.4, 0],
						"0.5": [0, 0, 0],
						"0.75": [-0.6, 1.4, 0],
						"1.0": [0, 0, 0]
					}
				},
				"rs": {
					"rotation": {
						"0.0": [0, 0, 0],
						"0.25": [0, 0, -45],
						"0.5": [0, 0, 0],
						"0.75": [0, 0, -45],
						"1.0": [0, 0, 0]
					},
					"position": {
						"0.0": [0, 0, 0],
						"0.25": [-0.6, 1.4, 0],
						"0.5": [0, 0, 0],
						"0.75": [-0.6, 1.4, 0],
						"1.0": [0, 0, 0]
					}
				},
				"leftLeg": {
					"rotation": {
						"0.0": [0, 0, -2.5],
						"0.5": [0, 0, -2.5],
						"1.0": [0, 0, -2.5]
					},
					"position": {
						"0.0": [0, 0, 0],
						"0.5": [0, 0, 0],
						"1.0": [0, 0, 0]
					},
					"scale": {
						"0.0": [1, 1, 1],
						"0.5": [1, 1, 1],
						"1.0": [1, 1, 1]
					}
				},
				"ll": {
					"rotation": {
						"0.0": [0, 0, 0],
						"0.5": [0, 0, 0],
						"1.0": [0, 0, 0]
					},
					"position": {
						"0.0": [0, 0, 0],
						"0.5": [0, 0, 0],
						"1.0": [0, 0, 0]
					}
				},
				"lp": {
					"rotation": {
						"0.0": [0, 0, 0],
						"0.5": [0, 0, 0],
						"1.0": [0, 0, 0]
					},
					"position": {
						"0.0": [0, 0, 0],
						"0.5": [0, 0, 0],
						"1.0": [0, 0, 0]
					}
				},
				"rightLeg": {
					"rotation": {
						"0.0": [0, 0, 2.5],
						"0.5": [0, 0, 2.5],
						"1.0": [0, 0, 2.5]
					},
					"position": {
						"0.0": [0, 0, 0],
						"0.5": [0, 0, 0],
						"1.0": [0, 0, 0]
					}
				},
				"rl": {
					"rotation": {
						"0.0": [0, 0, 0],
						"0.5": [0, 0, 0],
						"1.0": [0, 0, 0]
					},
					"position": {
						"0.0": [0, 0, 0],
						"0.5": [0, 0, 0],
						"1.0": [0, 0, 0]
					}
				},
				"rp": {
					"rotation": {
						"0.0": [0, 0, 0],
						"0.5": [0, 0, 0],
						"1.0": [0, 0, 0]
					},
					"position": {
						"0.0": [0, 0, 0],
						"0.5": [0, 0, 0],
						"1.0": [0, 0, 0]
					}
				},
				"body": {
					"rotation": {
						"0.0": [10, 0, 0],
						"0.25": [-10, 0, -10],
						"0.5": [10, 0, 0],
						"0.75": [-10, 0, 10],
						"1.0": [10, 0, 0]
					},
					"position": {
						"0.0": [0, 0, 1],
						"0.25": [0, 0, 1],
						"0.5": [0, 0, 1],
						"0.75": [0, 0, 1],
						"1.0": [0, 0, 1]
					}
				},
				"bone": {
					"rotation": {
						"0.0": [-10, 0, 0],
						"0.25": [10, 0, 10],
						"0.5": [-10, 0, 0],
						"0.75": [10, 0, -10],
						"1.0": [-10, 0, 0]
					},
					"position": {
						"0.0": [0, 0.375, 0.025],
						"0.25": [0.025, 1.025, -0.075],
						"0.5": [0, 0.375, 0.025],
						"0.75": [-0.025, 1.025, -0.075],
						"1.0": [0, 0.375, 0.025]
					}
				},
				"j": {
					"rotation": {
						"0.0": [-10, 0, 0],
						"0.25": [10, 0, 10],
						"0.5": [-10, 0, 0],
						"0.75": [10, 0, -10],
						"1.0": [-10, 0, 0]
					},
					"position": {
						"0.0": [0, 0.4, 0.05],
						"0.25": [0, 0.7, 0],
						"0.5": [0, 0.4, 0.05],
						"0.75": [0, 0.7, 0],
						"1.0": [0, 0.4, 0.05]
					}
				}
			}
		}
	}
}