{
	"format_version": "1.8.0",
	"animations": {
		"animation.humanoid.desesperado": {
			"animation_length": 1.12,
			"bones": {
				"root": {
					"rotation": {
						"0.0": [0, 0, 0],
						"1.12": [0, 0, 0]
					},
					"position": {
						"0.0": [0, 0, 0],
						"1.12": [0, 0, 0]
					},
					"scale": {
						"0.0": [1, 1, 1],
						"1.12": [1, 1, 1]
					}
				},
				"waist": {
					"rotation": {
						"0.0": [0, 0, 0],
						"1.12": [0, 0, 0]
					},
					"position": {
						"0.0": [0, 0, 0],
						"1.12": [0, 0, 0]
					},
					"scale": {
						"0.0": [1, 1, 1],
						"1.12": [1, 1, 1]
					}
				},
				"body": {
					"rotation": {
						"0.0": [0, 0, 0],
						"0.16": [-10, 0, 0],
						"0.32": [-10, 0, 0],
						"0.48": [-10, 0, 0],
						"0.64": [-10, 0, 0],
						"0.8": [-10, 0, 0],
						"0.96": [-10, 0, 0],
						"1.12": [0, 0, 0]
					},
					"position": {
						"0.0": [0, 0, 0],
						"0.16": [0, -1, 1],
						"0.32": [0, -1, 1],
						"0.48": [0, -1, 1],
						"0.64": [0, -1, 1],
						"0.8": [0, -1, 1],
						"0.96": [0, -1, 1],
						"1.12": [0, 0, 0]
					},
					"scale": {
						"0.0": [1, 1, 1],
						"1.12": [1, 1, 1]
					}
				},
				"bone": {
					"rotation": {
						"0.0": [0, 0, 0],
						"0.16": [10, 0, 0],
						"0.32": [10, 0, 0],
						"0.48": [10, 0, 0],
						"0.64": [10, 0, 0],
						"0.8": [10, 0, 0],
						"0.96": [10, 0, 0],
						"1.12": [0, 0, 0]
					},
					"position": {
						"0.0": [0, 0, 0],
						"0.16": [0, 0.6, -0.2],
						"0.32": [0, 0.6, -0.2],
						"0.48": [0, 0.6, -0.2],
						"0.64": [0, 0.6, -0.2],
						"0.8": [0, 0.6, -0.2],
						"0.96": [0, 0.6, -0.2],
						"1.12": [0, 0, 0]
					},
					"scale": {
						"0.0": [1, 1, 1],
						"1.12": [1, 1, 1]
					}
				},
				"head": {
					"rotation": {
						"0.0": [0, 0, 0],
						"0.16": [-10, 10, 0],
						"0.32": [-10, -10, 0],
						"0.48": [-10, 10, 0],
						"0.64": [60, 25, 0],
						"0.8": [60, 12.5, 0],
						"0.96": [60, 37.5, 0],
						"1.12": [0, 0, 0]
					},
					"position": {
						"0.0": [0, 0, 0],
						"1.12": [0, 0, 0]
					},
					"scale": {
						"0.0": [1, 1, 1],
						"1.12": [1, 1, 1]
					}
				},
				"hat": {
					"rotation": {
						"0.0": [0, 0, 0],
						"0.16": [0, 0, 0],
						"1.12": [0, 0, 0]
					},
					"position": {
						"0.0": [0, 0, 0],
						"1.12": [0, 0, 0]
					},
					"scale": {
						"0.0": [1, 1, 1],
						"1.12": [1, 1, 1]
					}
				},
				"cape": {
					"rotation": {
						"0.0": [0, 0, 0],
						"1.12": [0, 0, 0]
					},
					"position": {
						"0.0": [0, 0, 0],
						"1.12": [0, 0, 0]
					},
					"scale": {
						"0.0": [1, 1, 1],
						"1.12": [1, 1, 1]
					}
				},
				"leftArm": {
					"rotation": {
						"0.0": [0, 0, 0],
						"0.32": [-50, 0, 0],
						"0.64": [-50, 50, 0],
						"0.8": [-50, 50, 0],
						"0.96": [-50, 50, 0],
						"1.12": [0, 0, 0]
					},
					"position": {
						"0.0": [0, 0, 0],
						"0.32": [0, 0, -1],
						"1.12": [0, 0, 0]
					},
					"scale": {
						"0.0": [1, 1, 1],
						"1.12": [1, 1, 1]
					}
				},
				"la": {
					"rotation": {
						"0.0": [0, 0, 0],
						"0.16": [-25, 0, 0],
						"0.64": [-25, 0, 25],
						"0.8": [-25, 0, 25],
						"0.96": [-25, 0, 25],
						"1.12": [0, 0, 0]
					},
					"position": {
						"0.0": [0, 0, 0],
						"0.16": [0, 0.8, 0.2],
						"0.64": [0, 1.8, 0.3],
						"0.8": [0, 1.8, 0.3],
						"0.96": [0, 1.8, 0.3],
						"1.12": [0, 0, 0]
					},
					"scale": {
						"0.0": [1, 1, 1],
						"1.12": [1, 1, 1]
					}
				},
				"leftSleeve": {
					"rotation": {
						"0.0": [0, 0, 0],
						"1.12": [0, 0, 0]
					},
					"position": {
						"0.0": [0, 0, 0],
						"1.12": [0, 0, 0]
					},
					"scale": {
						"0.0": [1, 1, 1],
						"1.12": [1, 1, 1]
					}
				},
				"ls": {
					"rotation": {
						"0.0": [0, 0, 0],
						"0.16": [-25, 0, 0],
						"0.64": [-25, 0, 25],
						"0.8": [-25, 0, 25],
						"0.96": [-25, 0, 25],
						"1.12": [0, 0, 0]
					},
					"position": {
						"0.0": [0, 0, 0],
						"0.16": [0, 0.8, 0.2],
						"0.64": [0, 1.6, 0.3],
						"0.8": [0, 1.6, 0.3],
						"0.96": [0, 1.6, 0.3],
						"1.12": [0, 0, 0]
					},
					"scale": {
						"0.0": [1, 1, 1],
						"1.12": [1, 1, 1]
					}
				},
				"leftItem": {
					"rotation": {
						"0.0": [0, 0, 0],
						"1.12": [0, 0, 0]
					},
					"position": {
						"0.0": [0, 0, 0],
						"1.12": [0, 0, 0]
					},
					"scale": {
						"0.0": [1, 1, 1],
						"1.12": [1, 1, 1]
					}
				},
				"rightArm": {
					"rotation": {
						"0.0": [0, 0, 0],
						"0.32": [-50, 0, 0],
						"0.64": [-50, -10, 0],
						"0.8": [-50, -10, 0],
						"0.96": [-50, -10, 0],
						"1.12": [0, 0, 0]
					},
					"position": {
						"0.0": [0, 0, 0],
						"0.32": [0, 0, -1],
						"1.12": [0, 0, 0]
					},
					"scale": {
						"0.0": [1, 1, 1],
						"1.12": [1, 1, 1]
					}
				},
				"ra": {
					"rotation": {
						"0.0": [0, 0, 0],
						"0.16": [-25, 0, 0],
						"0.64": [-75, 0, 0],
						"0.8": [-75, 0, 0],
						"0.96": [-75, 0, 0],
						"1.12": [0, 0, 0]
					},
					"position": {
						"0.0": [0, 0, 0],
						"0.16": [0, 0.8, 0.2],
						"0.64": [0, 1.8, 1.5],
						"0.8": [0, 1.8, 1.5],
						"0.96": [0, 1.8, 1.5],
						"1.12": [0, 0, 0]
					},
					"scale": {
						"0.0": [1, 1, 1],
						"1.12": [1, 1, 1]
					}
				},
				"rightItem": {
					"rotation": {
						"0.0": [0, 0, 0],
						"1.12": [0, 0, 0]
					},
					"position": {
						"0.0": [0, 0, 0],
						"1.12": [0, 0, 0]
					},
					"scale": {
						"0.0": [1, 1, 1],
						"1.12": [1, 1, 1]
					}
				},
				"rightSleeve": {
					"rotation": {
						"0.0": [0, 0, 0],
						"1.12": [0, 0, 0]
					},
					"position": {
						"0.0": [0, 0, 0],
						"1.12": [0, 0, 0]
					},
					"scale": {
						"0.0": [1, 1, 1],
						"1.12": [1, 1, 1]
					}
				},
				"rs": {
					"rotation": {
						"0.0": [0, 0, 0],
						"0.16": [-25, 0, 0],
						"0.64": [-75, 0, 0],
						"0.8": [-75, 0, 0],
						"0.96": [-75, 0, 0],
						"1.12": [0, 0, 0]
					},
					"position": {
						"0.0": [0, 0, 0],
						"0.16": [0, 0.8, 0.2],
						"0.64": [0, 1.8, 1.5],
						"0.8": [0, 1.8, 1.5],
						"0.96": [0, 1.8, 1.5],
						"1.12": [0, 0, 0]
					},
					"scale": {
						"0.0": [1, 1, 1],
						"1.12": [1, 1, 1]
					}
				},
				"jacket": {
					"rotation": {
						"0.0": [0, 0, 0],
						"1.12": [0, 0, 0]
					},
					"position": {
						"0.0": [0, 0, 0],
						"1.12": [0, 0, 0]
					},
					"scale": {
						"0.0": [1, 1, 1],
						"1.12": [1, 1, 1]
					}
				},
				"j": {
					"rotation": {
						"0.0": [0, 0, 0],
						"0.16": [10, 0, 0],
						"0.32": [10, 0, 0],
						"0.48": [10, 0, 0],
						"0.64": [10, 0, 0],
						"0.8": [10, 0, 0],
						"0.96": [10, 0, 0],
						"1.12": [0, 0, 0]
					},
					"position": {
						"0.0": [0, 0, 0],
						"0.16": [0, 0.4, 0],
						"0.32": [0, 0.4, 0],
						"0.48": [0, 0.4, 0],
						"0.64": [0, 0.4, 0],
						"0.8": [0, 0.4, 0],
						"0.96": [0, 0.4, 0],
						"1.12": [0, 0, 0]
					},
					"scale": {
						"0.0": [1, 1, 1],
						"1.12": [1, 1, 1]
					}
				},
				"leftLeg": {
					"rotation": {
						"0.0": [0, 0, 0],
						"1.12": [0, 0, 0]
					},
					"position": {
						"0.0": [0, 0, 0],
						"1.12": [0, 0, 0]
					},
					"scale": {
						"0.0": [1, 1, 1],
						"1.12": [1, 1, 1]
					}
				},
				"ll": {
					"rotation": {
						"0.0": [0, 0, 0],
						"1.12": [0, 0, 0]
					},
					"position": {
						"0.0": [0, 0, 0],
						"1.12": [0, 0, 0]
					},
					"scale": {
						"0.0": [1, 1, 1],
						"1.12": [1, 1, 1]
					}
				},
				"leftPants": {
					"rotation": {
						"0.0": [0, 0, 0],
						"1.12": [0, 0, 0]
					},
					"position": {
						"0.0": [0, 0, 0],
						"1.12": [0, 0, 0]
					},
					"scale": {
						"0.0": [1, 1, 1],
						"1.12": [1, 1, 1]
					}
				},
				"lp": {
					"rotation": {
						"0.0": [0, 0, 0],
						"1.12": [0, 0, 0]
					},
					"position": {
						"0.0": [0, 0, 0],
						"1.12": [0, 0, 0]
					},
					"scale": {
						"0.0": [1, 1, 1],
						"1.12": [1, 1, 1]
					}
				},
				"rightLeg": {
					"rotation": {
						"0.0": [0, 0, 0],
						"1.12": [0, 0, 0]
					},
					"position": {
						"0.0": [0, 0, 0],
						"1.12": [0, 0, 0]
					},
					"scale": {
						"0.0": [1, 1, 1],
						"1.12": [1, 1, 1]
					}
				},
				"rl": {
					"rotation": {
						"0.0": [0, 0, 0],
						"1.12": [0, 0, 0]
					},
					"position": {
						"0.0": [0, 0, 0],
						"1.12": [0, 0, 0]
					},
					"scale": {
						"0.0": [1, 1, 1],
						"1.12": [1, 1, 1]
					}
				},
				"rightPants": {
					"rotation": {
						"0.0": [0, 0, 0],
						"1.12": [0, 0, 0]
					},
					"position": {
						"0.0": [0, 0, 0],
						"1.12": [0, 0, 0]
					},
					"scale": {
						"0.0": [1, 1, 1],
						"1.12": [1, 1, 1]
					}
				},
				"rp": {
					"rotation": {
						"0.0": [0, 0, 0],
						"1.12": [0, 0, 0]
					},
					"position": {
						"0.0": [0, 0, 0],
						"1.12": [0, 0, 0]
					},
					"scale": {
						"0.0": [1, 1, 1],
						"1.12": [1, 1, 1]
					}
				}
			}
		}
	}
}