{
  "note": "Encoded to prevent copy cats, If you want help with your addon consider joining Legopitstop's Discord Server: https://discord.io/legopitstop",
  "format_version": "1.16.201",
  "minecraft:block": {
    "description": {
      "identifier": "morefood:hops_crop",
      "register_to_creative_menu": false,
      "properties": {
        "morefood:stage": [
          0,
          1,
          2,
          3,
          4,
          5,
          6,
          7
        ]
      }
    },
    "components": {
      "minecraft:loot": "loot_tables/morefood/blocks/hops.json",
      "minecraft:block_light_absorption": 0,
      "minecraft:destroy_time": 0,
      "minecraft:explosion_resistance": 0,
      "minecraft:breakonpush": true,
      "minecraft:on_player_placing": {
        "event": "0"
      },
      "minecraft:placement_filter": {
        "conditions": [
          {
            "block_filter": [
              "minecraft:farmland"
            ],
            "allowed_faces": [
              "up"
            ]
          }
        ]
      }
    },
    "permutations": [
      {
        "condition": "query.block_property('morefood:stage') == 0",
        "components": {
          "minecraft:geometry": "geometry.template_crop",
          "minecraft:entity_collision":false,
          "minecraft:ticking": {
            "looping": true,
            "range": [ 360, 360 ],
            "on_tick": {
                "event": "1",
                "target": "self"
            }
          },
          "minecraft:on_interact": {
            "condition": "query.get_equipped_item_name == 'bone_meal'",
            "event": "1"
          },
          "minecraft:pick_collision": {
            "origin": [
              -8,0,-8
            ],
            "size": [
              16,2,16
            ]
          },
          "minecraft:material_instances": {
            "*": {
              "texture": "morefood:hops_stage0",
              "render_method": "alpha_test"
            }
          },
          "minecraft:on_fall_on": {
            "event": "morefood:fall_on_crop",
            "min_fall_distance": 1.0
          }
        }
      },
      {
        "condition": "query.block_property('morefood:stage') == 1",
        "components": {
          "minecraft:geometry": "geometry.template_crop",
          "minecraft:entity_collision":false,
          "minecraft:ticking": {
            "looping": true,
            "range": [ 360, 360 ],
            "on_tick": {
                "event": "2",
                "target": "self"
            }
          },
          "minecraft:on_interact": {
            "condition": "query.get_equipped_item_name == 'bone_meal'",
            "event": "4"
          },
          "minecraft:pick_collision": {
            "origin": [
              -8,0,-8
            ],
            "size": [
              16,2,16
            ]
          },
          "minecraft:material_instances": {
            "*": {
              "texture": "morefood:hops_stage1",
              "render_method": "alpha_test"
            }
          }
        }
      },
      {
        "condition": "query.block_property('morefood:stage') == 2",
        "components": {
          "minecraft:geometry": "geometry.template_crop",
          "minecraft:entity_collision":false,
          "minecraft:ticking": {
            "looping": true,
            "range": [ 360, 360 ],
            "on_tick": {
                "event": "3",
                "target": "self"
            }
          },
          "minecraft:on_interact": {
            "condition": "query.get_equipped_item_name == 'bone_meal'",
            "event": "4"
          },
          "minecraft:pick_collision": {
            "origin": [
              -8,0,-8
            ],
            "size": [
              16,2,16
            ]
          },
          "minecraft:material_instances": {
            "*": {
              "texture": "morefood:hops_stage2",
              "render_method": "alpha_test"
            }
          }
        }
      },
      {
        "condition": "query.block_property('morefood:stage') == 3",
        "components": {
          "minecraft:geometry": "geometry.template_crop",
          "minecraft:entity_collision":false,
          "minecraft:ticking": {
            "looping": true,
            "range": [ 360, 360 ],
            "on_tick": {
                "event": "4",
                "target": "self"
            }
          },
          "minecraft:on_interact": {
            "condition": "query.get_equipped_item_name == 'bone_meal'",
            "event": "4"
          },
          "minecraft:pick_collision": {
            "origin": [
              -8,0,-8
            ],
            "size": [
              16,8,16
            ]
          },
          "minecraft:material_instances": {
            "*": {
              "texture": "morefood:hops_stage3",
              "render_method": "alpha_test"
            }
          }
        }
      },
      {
        "condition": "query.block_property('morefood:stage') == 4",
        "components": {
          "minecraft:geometry": "geometry.template_crop",
          "minecraft:entity_collision":false,
          "minecraft:ticking": {
            "looping": true,
            "range": [ 360, 360 ],
            "on_tick": {
                "event": "5",
                "target": "self"
            }
          },
          "minecraft:on_interact": {
            "condition": "query.get_equipped_item_name == 'bone_meal'",
            "event": "7"
          },
          "minecraft:pick_collision": {
            "origin": [
              -8,0,-8
            ],
            "size": [
              16,8,16
            ]
          },
          "minecraft:material_instances": {
            "*": {
              "texture": "morefood:hops_stage4",
              "render_method": "alpha_test"
            }
          }
        }
      },
      {
        "condition": "query.block_property('morefood:stage') == 5",
        "components": {
          "minecraft:geometry": "geometry.template_crop",
          "minecraft:entity_collision":false,
          "minecraft:ticking": {
            "looping": true,
            "range": [ 360, 360 ],
            "on_tick": {
                "event": "6",
                "target": "self"
            }
          },
          "minecraft:on_interact": {
            "condition": "query.get_equipped_item_name == 'bone_meal'",
            "event": "7"
          },
          "minecraft:pick_collision": {
            "origin": [
              -8,0,-8
            ],
            "size": [
              16,16,16
            ]
          },
          "minecraft:material_instances": {
            "*": {
              "texture": "morefood:hops_stage5",
              "render_method": "alpha_test"
            }
          }
        }
      },
      {
        "condition": "query.block_property('morefood:stage') == 6",
        "components": {
          "minecraft:geometry": "geometry.template_crop",
          "minecraft:entity_collision":false,
          "minecraft:ticking": {
            "looping": true,
            "range": [ 360, 360 ],
            "on_tick": {
                "event": "7",
                "target": "self"
            }
          },
          "minecraft:on_interact": {
            "condition": "query.get_equipped_item_name == 'bone_meal'",
            "event": "7"
          },
          "minecraft:pick_collision": {
            "origin": [
              -8,0,-8
            ],
            "size": [
              16,16,16
            ]
          },
          "minecraft:material_instances": {
            "*": {
              "texture": "morefood:hops_stage6",
              "render_method": "alpha_test"
            }
          }
        }
      },
      {
        "condition": "query.block_property('morefood:stage') == 7",
        "components": {
          "minecraft:loot": "loot_tables/morefood/blocks/mature_hops.json",
          "minecraft:geometry": "geometry.template_crop",
          "minecraft:entity_collision":false,
          "minecraft:pick_collision": {
            "origin": [
              -8,0,-8
            ],
            "size": [
              16,16,16
            ]
          },
          "minecraft:material_instances": {
            "*": {
              "texture": "morefood:hops_stage7",
              "render_method": "alpha_test"
            }
          }
        }
      }
    ],
    "events": {
      "0": {
        "set_block_property": {
          "morefood:stage": 0
        }
      },
      "1": {
        "decrement_stack": {},
        "set_block_property": {
          "morefood:stage": 1
        }
      },
      "2": {
        "set_block_property": {
          "morefood:stage": 2
        }
      },
      "3": {
        "set_block_property": {
          "morefood:stage": 3
        }
      },
      "4": {
        "decrement_stack": {},
        "set_block_property": {
          "morefood:stage": 4
        }
      },
      "5": {
        "set_block_property": {
          "morefood:stage": 5
        }
      },
      "6": {
        "set_block_property": {
          "morefood:stage": 6
        }
      },
      "7": {
        "decrement_stack": {},
        "set_block_property": {
          "morefood:stage": 7
        }
      }
    }
  }
}