{
  "note": "Encoded to prevent copy cats, If you want help with your addon consider joining Legopitstop's Discord Server: https://discord.io/legopitstop",
  "format_version": "1.16.201",
  "minecraft:block": {
    "description": {
      "identifier": "morefood:onion_crop",
      "register_to_creative_menu": false,
      "properties": {
        "morefood:stage": [
          0,
          1,
          2,
          3
        ]
      }
    },
    "components": {
      "minecraft:loot": "loot_tables/morefood/blocks/onion.json",
      "minecraft:block_light_absorption": 0,
      "minecraft:destroy_time": 0,
      "minecraft:explosion_resistance": 0,
      "minecraft:breakonpush": true,
      "minecraft:on_player_placing": {
        "event": "0"
      },
      "minecraft:placement_filter": {
        "conditions": [
          {
            "block_filter": [
              "minecraft:farmland"
            ],
            "allowed_faces": [
              "up"
            ]
          }
        ]
      }
    },
    "permutations": [
      {
        "condition": "query.block_property('morefood:stage') == 0",
        "components": {
          "minecraft:geometry": "geometry.template_crop",
          "minecraft:entity_collision":false,
          "minecraft:ticking": {
            "looping": true,
            "range": [ 840, 840 ],
            "on_tick": {
                "event": "1",
                "target": "self"
            }
          },
          "minecraft:on_interact": {
            "condition": "query.get_equipped_item_name == 'bone_meal'",
            "event": "2"
          },
          "minecraft:pick_collision": {
            "origin": [
              -8,0,-8
            ],
            "size": [
              16,2,16
            ]
          },
          "minecraft:material_instances": {
            "*": {
              "texture": "morefood:onion_stage0",
              "render_method": "alpha_test"
            }
          }
        }
      },
      {
        "condition": "query.block_property('morefood:stage') == 1",
        "components": {
          "minecraft:geometry": "geometry.template_crop",
          "minecraft:entity_collision":false,
          "minecraft:ticking": {
            "looping": true,
            "range": [ 840, 840 ],
            "on_tick": {
                "event": "2",
                "target": "self"
            }
          },
          "minecraft:on_interact": {
            "condition": "query.get_equipped_item_name == 'bone_meal'",
            "event": "2"
          },
          "minecraft:pick_collision": {
            "origin": [
              -8,0,-8
            ],
            "size": [
              16,2,16
            ]
          },
          "minecraft:material_instances": {
            "*": {
              "texture": "morefood:onion_stage1",
              "render_method": "alpha_test"
            }
          }
        }
      },
      {
        "condition": "query.block_property('morefood:stage') == 2",
        "components": {
          "minecraft:geometry": "geometry.template_crop",
          "minecraft:entity_collision":false,
          "minecraft:ticking": {
            "looping": true,
            "range": [ 840, 840 ],
            "on_tick": {
                "event": "3",
                "target": "self"
            }
          },
          "minecraft:on_interact": {
            "condition": "query.get_equipped_item_name == 'bone_meal'",
            "event": "3"
          },
          "minecraft:pick_collision": {
            "origin": [
              -8,0,-8
            ],
            "size": [
              16,6,16
            ]
          },
          "minecraft:material_instances": {
            "*": {
              "texture": "morefood:onion_stage2",
              "render_method": "alpha_test"
            }
          }
        }
      },
      {
        "condition": "query.block_property('morefood:stage') == 3",
        "components": {
          "minecraft:loot": "loot_tables/morefood/blocks/mature_onion.json",
          "minecraft:geometry": "geometry.template_crop",
          "minecraft:entity_collision":false,
          "minecraft:pick_collision": {
            "origin": [
              -8,0,-8
            ],
            "size": [
              16,11,16
            ]
          },
          "minecraft:material_instances": {
            "*": {
              "texture": "morefood:onion_stage3",
              "render_method": "alpha_test"
            }
          }
        }
      }
    ],
    "events": {
      "0": {
        "set_block_property": {
          "morefood:stage": 0
        }
      },
      "1": {
        "set_block_property": {
          "morefood:stage": 1
        }
      },
      "2": {
        "decrement_stack": {},
        "set_block_property": {
          "morefood:stage": 2
        }
      },
      "3": {
        "decrement_stack": {},
        "set_block_property": {
          "morefood:stage": 3
        }
      }
    }
  }
}