{
  "format_version": "1.10.0",
  "animation_controllers": {
    "controller.animation.deathnerite": {
      "initial_state": "default",
      "states": {
        "default": {
          "on_entry": [
            "/tag @s[name=\"Parcanite Pickaxe\"] add pure_netherite_ingot",
            "/tag @s[name=\"Pico del caos\"] add pure_netherite_ingot",
            
            "/tag @s[name=\"Parcanite shovel\"] add pure_netherite_ingot",
            "/tag @s[name=\"Pala del caos\"] add pure_netherite_ingot",

            "/tag @s[name=\"Parcanite sword\"] add pure_netherite_ingot",
            "/tag @s[name=\"Espada de espectro del caos\"] add pure_netherite_ingot",

            "/tag @s[name=\"Parcanite axe\"] add pure_netherite_ingot",
            "/tag @s[name=\"Hacha de la desesperacion\"] add pure_netherite_ingot",

            "/tag @s[name=\"Parcanite hoe\"] add pure_netherite_ingot",
            "/tag @s[name=\"Azada del caos\"] add pure_netherite_ingot",

            "/tag @s[name=\"Parcanite helmet\"] add pure_netherite_ingot",
            "/tag @s[name=\"Casco del caos\"] add pure_netherite_ingot",

            "/tag @s[name=\"Parcanite chestplate\"] add pure_netherite_ingot",
            "/tag @s[name=\"Pechera del caos\"] add pure_netherite_ingot",

            "/tag @s[name=\"Parcanite leggings\"] add pure_netherite_ingot",
            "/tag @s[name=\"Pantalones del caos\"] add pure_netherite_ingot",

            "/tag @s[name=\"Parcanite boots\"] add pure_netherite_ingot",
            "/tag @s[name=\"Botas del caos\"] add pure_netherite_ingot",
            //Deathnerite
            "/tag @s[name=\"Deathnerite Pickaxe\"] add pure_netherite_ingot",
            "/tag @s[name=\"Pico de mortamundita\"] add pure_netherite_ingot",
            
            "/tag @s[name=\"Deathnerite shovel\"] add pure_netherite_ingot",
            "/tag @s[name=\"Pala de mortamundita\"] add pure_netherite_ingot",

            "/tag @s[name=\"Deathnerite sword\"] add pure_netherite_ingot",
            "/tag @s[name=\"Espada de mortamundita\"] add pure_netherite_ingot",

            "/tag @s[name=\"Deathnerite axe\"] add pure_netherite_ingot",
            "/tag @s[name=\"Hacha de mortamundita\"] add pure_netherite_ingot",

            "/tag @s[name=\"Deathnerite hoe\"] add pure_netherite_ingot",
            "/tag @s[name=\"Azada de mortamundita\"] add pure_netherite_ingot",

            "/tag @s[name=\"Deathnerite helmet\"] add pure_netherite_ingot",
            "/tag @s[name=\"Casco de mortamundita\"] add pure_netherite_ingot",

            "/tag @s[name=\"Deathnerite chestplate\"] add pure_netherite_ingot",
            "/tag @s[name=\"Pechera de mortamundita\"] add pure_netherite_ingot",

            "/tag @s[name=\"Deathnerite leggings\"] add pure_netherite_ingot",
            "/tag @s[name=\"Pantalones de mortamundita\"] add pure_netherite_ingot",

            "/tag @s[name=\"Deathnerite boots\"] add pure_netherite_ingot",
            "/tag @s[name=\"Botas de mortamundita\"] add pure_netherite_ingot",

            "/tag @s[name=\"Deathnerite Ingot\"] add pure_netherite_ingot",
            "/tag @s[name=\"Lingote de mortamundita\"] add pure_netherite_ingot",


            //Project ateneu
            "/tag @s[name=\"Deathnerite Katana\"] add pure_netherite_ingot",
            "/tag @s[name=\"Katana de mortamundita\"] add pure_netherite_ingot",
            //True weapons
            "/tag @s[name=\"Deathnerite Barbed Mace\"] add pure_netherite_ingot",
            "/tag @s[name=\"Maza de puas de mortamundita\"] add pure_netherite_ingot",

            "/tag @s[name=\"Deathnerite Katana\"] add pure_netherite_ingot",
            "/tag @s[name=\"Katana de mortamundita\"] add pure_netherite_ingot",

            "/tag @s[name=\"Deathnerite Knife\"] add pure_netherite_ingot",
            "/tag @s[name=\"Cuchillo de mortamundita\"] add pure_netherite_ingot",

            "/tag @s[name=\"Deathnerite Claymore\"] add pure_netherite_ingot",
            "/tag @s[name=\"Claymore de mortamundita\"] add pure_netherite_ingot",

            "/tag @s[name=\"Deathnerite Kama\"] add pure_netherite_ingot",
            "/tag @s[name=\"Kama de netherite\"] add pure_netherite_ingot",

            "/tag @s[name=\"Deathnerite Bearbed Axe\"] add pure_netherite_ingot",
            "/tag @s[name=\"Hacha barbuda de mortamundita\"] add pure_netherite_ingot",

            "/tag @s[name=\"Deathnerite Dane Axe\"] add pure_netherite_ingot",
            "/tag @s[name=\"Hacha danesa de mortamundita\"] add pure_netherite_ingot",
            
            "/tag @s[name=\"Deathnerite Machete\"] add pure_netherite_ingot",
            "/tag @s[name=\"Machete de mortamundita\"] add pure_netherite_ingot",

            "/tag @s[name=\"Deathnerite Wakizashi\"] add pure_netherite_ingot",
            "/tag @s[name=\"Wakizashi de mortamundita\"] add pure_netherite_ingot",

            "/tag @s[name=\"Deathnerite Ninjatō\"] add pure_netherite_ingot",
            "/tag @s[name=\"Ninjatō de mortamundita\"] add pure_netherite_ingot",

            "/tag @s[name=\"Deathnerite ōdachi\"] add pure_netherite_ingot",
            "/tag @s[name=\"ōdachi de mortamundita\"] add pure_netherite_ingot",

            "/tag @s[name=\"Deathnerite Zweihander\"] add pure_netherite_ingot",
            "/tag @s[name=\"Zweihander de mortamundita\"] add pure_netherite_ingot",

            "/tag @s[name=\"Deathnerite Seitengewehr\"] add pure_netherite_ingot",
            "/tag @s[name=\"Seitengewehr de mortamundita\"] add pure_netherite_ingot"
          ]
        }
      }
    }
  }
}