{
	"format_version": "1.8.0",
	"animations": {
		"animation.player.sneaking": {
			"loop": true,
			"animation_length": 1.16,
			"bones": {
				"body": {
					"rotation": {
						"0.0": [0, 0, 5],
						"0.28": [0, 0, -5],
						"0.56": [0, 0, 5],
						"0.84": [0, 0, -5],
						"1.12": [0, 0, 5]
					}
				},
				"head": {
					"rotation": {
						"0.0": [-5, 2.5, 0],
						"0.16": [2.5, 0, 0],
						"0.28": [-2.5, 0, 0],
						"0.44": [0, 2.5, 0],
						"0.56": [-5, 0, 0],
						"0.72": [2.5, 0, 0],
						"0.84": [-2.5, 0, 0],
						"1.0": [0, 2.5, 0],
						"1.12": [-5, 2.5, 0]
					}
				},
				"rightArm": {
					"rotation": {
						"0.0": [-197.5, 7.5, 7.5],
						"0.28": [-197.5, 0, -2.5],
						"0.56": [-197.5, 7.5, 7.5],
						"0.84": [-197.5, 0, -2.5],
						"1.12": [-197.5, 7.5, 7.5]
					}
				},
				"leftArm": {
					"rotation": {
						"0.0": [-200, 10, -2.5],
						"0.28": [-200, 0, -15],
						"0.56": [-200, 10, -2.5],
						"0.84": [-200, 0, -15],
						"1.12": [-200, 10, -2.5]
					}
				},
				"rightLeg": {
					"rotation": {
						"0.0": [0, 15, 0],
						"0.28": [0, -12.5, 7.5],
						"0.56": [0, 7.5, 0],
						"0.84": [0, -12.5, 7.5],
						"1.12": [0, 15, 0]
					},
					"position": {
						"0.0": [-1, 0, 0],
						"0.28": [1, 0, 0],
						"0.56": [-1, 0, 0],
						"0.84": [1, 0, 0],
						"1.12": [-1, 0, 0]
					}
				},
				"leftLeg": {
					"rotation": {
						"0.0": [0, 5, -2.5],
						"0.28": [0, -7.5, 0],
						"0.56": [0, -5, -5],
						"0.84": [0, -7.5, 0],
						"1.12": [0, 5, -2.5]
					},
					"position": {
						"0.0": [-1, 0, 0],
						"0.28": [1, 0, 0],
						"0.56": [-1, 0, 0],
						"0.84": [1, 0, 0],
						"1.12": [-1, 0, 0]
					}
				}
			}
		}
	}
}