{
    "format_version": "1.16.220",
    "minecraft:feature_rules": {
        "description": {
            "identifier": "morefood:barn_acacia_random",
            "places_feature": "morefood:barn_acacia_random"
        },
        "conditions": {
            "placement_pass": "surface_pass",
            "minecraft:biome_filter": [
                {
                    "all_of": [
                        {
                            "test": "has_biome_tag",
                            "operator": "!=",
                            "value": "lakes"
                        },
                        {
                            "test": "has_biome_tag",
                            "operator": "!=",
                            "value": "ocean"
                        },
                        {
                            "test": "has_biome_tag",
                            "operator": "!=",
                            "value": "river"
                        },
                        {
                            "test": "has_biome_tag",
                            "operator": "!=",
                            "value": "beach"
                        },
                        {
                            "any_of": [
                                {
                                    "test": "has_biome_tag",
                                    "operator": "==",
                                    "value": "savanna"
                                }
                            ]
                        }
                    ]
                }
            ]
        },
        "distribution": {
            "iterations": 1,
            "scatter_chance": {
                "numerator": 1,
                "denominator": 300
            },
            "x": {
                "distribution": "uniform",
                "extent": [0, 32]
            },
            "y": "query.heightmap(variable.worldx, variable.worldz) - 1",
            "z": {
                "distribution": "uniform",
                "extent": [0, 32]
            }
        }
    }
}