{
    "format_version": "1.16.220",
    "minecraft:feature_rules": {
        "description": {
            "identifier": "morefood:tree_palm",
            "places_feature": "morefood:tree_palm"
        },
        "conditions": {
            "placement_pass": "surface_pass",
            "minecraft:biome_filter": [
                {
                    "all_of": [
                        {
                            "test": "has_biome_tag",
                            "operator": "!=",
                            "value": "lakes"
                        },
                        {
                            "test": "has_biome_tag",
                            "operator": "!=",
                            "value": "ocean"
                        },
                        {
                            "test": "has_biome_tag",
                            "operator": "!=",
                            "value": "river"
                        },
                        {
                            "test": "has_biome_tag",
                            "operator": "!=",
                            "value": "mesa"
                        },
                        {
                            "any_of": [
                                {
                                    "test": "has_biome_tag",
                                    "operator": "==",
                                    "value": "desert"
                                },
                                {
                                    "test": "has_biome_tag",
                                    "operator": "==",
                                    "value": "beach"
                                }
                            ]
                        }
                    ]
                }
            ]
        },
        "distribution": {
            "iterations": 1,
            "scatter_chance": {
                "numerator": 1,
                "denominator": 100
            },
            "coordinate_eval_order": "zyx",
            "x": {
                "distribution": "uniform",
                "extent": [0,8]
            },
            "y": "query.heightmap(variable.worldx, variable.worldz)",
            "z": {
                "distribution": "uniform",
                "extent": [0,8]
            }
        }
    }
}