{
  "format_version": "1.20.10",
  "minecraft:entity": {
    "description": {
      "identifier": "minecraft:creeper",
      "is_spawnable": true,
      "is_summonable": true,
      "is_experimental": false
    },
    "component_groups": {
      "minecraft:exploding": {
        "minecraft:explode": {
          "fuse_length": 1.5,
          "fuse_lit": true,
          "power": 3,
          "causes_fire": false,
          "destroy_affected_by_griefing": true
        }
      },
      "minecraft:charged_creeper": {
        "minecraft:is_charged": {}
      },
      "minecraft:charged_exploding": {
        "minecraft:explode": {
          "fuse_length": 1.5,
          "fuse_lit": true,
          "power": 6,
          "causes_fire": false,
          "destroy_affected_by_griefing": true
        }
      },
      "minecraft:forced_exploding": {
        "minecraft:target_nearby_sensor": {},
        "minecraft:explode": {
          "fuse_length": 1.5,
          "fuse_lit": true,
          "power": 3,
          "causes_fire": false,
          "destroy_affected_by_griefing": true
        },
        "minecraft:on_target_escape": {}
      },
      "minecraft:forced_charged_exploding": {
        "minecraft:target_nearby_sensor": {},
        "minecraft:explode": {
          "fuse_length": 1.5,
          "fuse_lit": true,
          "power": 6,
          "causes_fire": false,
          "destroy_affected_by_griefing": true
        },
        "minecraft:on_target_escape": {}
      },
      "elite_creeper": {
        "minecraft:health": {
          "value": 40,
          "max": 40
        },
        "minecraft:loot": {
          "table": "loot_tables/entities/tartarean/elite_creeper.json"
        },
        "minecraft:experience_reward": {
          "on_death": "query.last_hit_by_player ? 20 + (query.equipment_count * Math.Random(1,3)) : 0"
        },
        "minecraft:spell_effects": {
          "add_effects": [
            {
              "effect": "conduit_power",
              "duration": 999999,
              "visible": true
            },
            {
              "effect": "fire_resistance",
              "duration": 999999,
              "visible": false
            }
          ]
        },
        "minecraft:despawn": {
          "despawn_from_distance": {
            "min_distance": 64,
            "max_distance": 256
          }
        },
        "minecraft:movement": {
          "value": 0.4
        }
      },
      "elite_one_up": {
        "minecraft:boss": {
          "hud_range": 10,
          "name": "§bElite Twin Lived Creeper of Recurrence"
        },
        "minecraft:damage_sensor": {
          "triggers": {
            "on_damage": {
              "filters": {
                "all_of": [
                  {
                    "test": "has_damage",
                    "value": "fatal"
                  },
                  {
                    "test": "is_family",
                    "subject": "other",
                    "value": "player"
                  }
                ]
              },
              "event": "one_up",
              "target": "self"
            }
          }
        }
      },
      "elite_bullwark": {
        "minecraft:boss": {
          "hud_range": 10,
          "name": "§bElite Armoured Creeper the Defender"
        },
        "minecraft:spell_effects": {
          "add_effects": [
            {
              "effect": "conduit_power",
              "duration": 999999,
              "visible": true
            },
            {
              "effect": "fire_resistance",
              "duration": 999999,
              "visible": false
            },
            {
              "effect": "resistance",
              "duration": 999999,
              "amplifier": 1,
              "visible": false
            }
          ]
        }
      },
      "elite_cloaking": {
        "minecraft:boss": {
          "hud_range": 10,
          "name": "§bElite Unseen Creeper of Stalking"
        },
        "minecraft:spell_effects": {
          "add_effects": [
            {
              "effect": "conduit_power",
              "duration": 999999,
              "visible": true
            },
            {
              "effect": "fire_resistance",
              "duration": 999999,
              "visible": false
            },
            {
              "effect": "invisibility",
              "duration": 999999,
              "visible": false
            }
          ]
        }
      },
      "elite_fiery": {
        "minecraft:boss": {
          "hud_range": 10,
          "name": "§bElite Burning Creeper of Crispyness"
        },
        "minecraft:timer": {
          "time": [
            10,
            15
          ],
          "time_down_event": {
            "event": "fiery"
          },
          "randomInterval": true,
          "looping": true
        }
      },
      "elite_webber": {
        "minecraft:boss": {
          "hud_range": 10,
          "name": "§bElite Webbing Creeper the Spider"
        },
        "minecraft:timer": {
          "time": [
            10,
            15
          ],
          "time_down_event": {
            "event": "webber"
          },
          "randomInterval": true,
          "looping": true
        }
      },
      "elite_sprint": {
        "minecraft:boss": {
          "hud_range": 10,
          "name": "§bElite Sprinting Creeper of Bolting"
        },
        "minecraft:spell_effects": {
          "add_effects": [
            {
              "effect": "conduit_power",
              "duration": 999999,
              "visible": true
            },
            {
              "effect": "fire_resistance",
              "duration": 999999,
              "visible": false
            },
            {
              "effect": "speed",
              "duration": 999999,
              "amplifier": 1,
              "visible": false
            }
          ]
        }
      },
      "elite_storm": {
        "minecraft:boss": {
          "hud_range": 10,
          "name": "§bElite Striking Creeper of Lightning"
        },
        "minecraft:timer": {
          "time": [
            10,
            15
          ],
          "time_down_event": {
            "event": "storm"
          },
          "randomInterval": true,
          "looping": true
        }
      },
      "ultra_creeper": {
        "minecraft:health": {
          "value": 60,
          "max": 60
        },
        "minecraft:loot": {
          "table": "loot_tables/entities/tartarean/ultra_creeper.json"
        },
        "minecraft:experience_reward": {
          "on_death": "query.last_hit_by_player ? 40 + (query.equipment_count * Math.Random(1,3)) : 0"
        },
        "minecraft:spell_effects": {
          "add_effects": [
            {
              "effect": "haste",
              "duration": 999999,
              "visible": true
            },
            {
              "effect": "fire_resistance",
              "duration": 999999,
              "visible": false
            }
          ]
        },
        "minecraft:despawn": {
          "despawn_from_distance": {
            "min_distance": 64,
            "max_distance": 256
          }
        },
        "minecraft:movement": {
          "value": 0.6
        }
      },
      "ultra_one_up": {
        "minecraft:boss": {
          "hud_range": 20,
          "name": "§eUltra Undying Creeper of Twin Lives"
        },
        "minecraft:damage_sensor": {
          "triggers": {
            "on_damage": {
              "filters": {
                "all_of": [
                  {
                    "test": "has_damage",
                    "value": "fatal"
                  },
                  {
                    "test": "is_family",
                    "subject": "other",
                    "value": "player"
                  }
                ]
              },
              "event": "one_up",
              "target": "self"
            }
          }
        }
      },
      "ultra_bullwark": {
        "minecraft:boss": {
          "hud_range": 20,
          "name": "§eUltra Defensive Creeper of Turtling"
        },
        "minecraft:spell_effects": {
          "add_effects": [
            {
              "effect": "haste",
              "duration": 999999,
              "visible": true
            },
            {
              "effect": "fire_resistance",
              "duration": 999999,
              "visible": false
            },
            {
              "effect": "resistance",
              "duration": 999999,
              "amplifier": 2,
              "visible": false
            }
          ]
        }
      },
      "ultra_cloaking": {
        "minecraft:boss": {
          "hud_range": 20,
          "name": "§eUltra Defensive Creeper of Turtling"
        },
        "minecraft:spell_effects": {
          "add_effects": [
            {
              "effect": "haste",
              "duration": 999999,
              "visible": true
            },
            {
              "effect": "fire_resistance",
              "duration": 999999,
              "visible": false
            },
            {
              "effect": "resistance",
              "duration": 999999,
              "amplifier": 2,
              "visible": false
            }
          ]
        }
      },
      "ultra_fiery": {
        "minecraft:boss": {
          "hud_range": 20,
          "name": "§eUltra Toasting Creeper of Crispyness"
        },
        "minecraft:timer": {
          "time": [
            7,
            13
          ],
          "time_down_event": {
            "event": "fiery"
          },
          "randomInterval": true,
          "looping": true
        }
      },
      "ultra_sprint": {
        "minecraft:boss": {
          "hud_range": 20,
          "name": "§eUltra Charging Creeper the Swift One"
        },
        "minecraft:spell_effects": {
          "add_effects": [
            {
              "effect": "haste",
              "duration": 999999,
              "visible": true
            },
            {
              "effect": "fire_resistance",
              "duration": 999999,
              "visible": false
            },
            {
              "effect": "speed",
              "duration": 999999,
              "amplifier": 2,
              "visible": false
            }
          ]
        }
      },
      "ultra_storm": {
        "minecraft:boss": {
          "hud_range": 20,
          "name": "§eUltra Thundering Creeper of Striking"
        },
        "minecraft:timer": {
          "time": [
            7,
            13
          ],
          "time_down_event": {
            "event": "storm"
          },
          "randomInterval": true,
          "looping": true
        }
      },
      "ultra_webber": {
        "minecraft:boss": {
          "hud_range": 20,
          "name": "§eUltra Ensnaring Creeper the Deceiver"
        },
        "minecraft:timer": {
          "time": [
            7,
            13
          ],
          "time_down_event": {
            "event": "webber"
          },
          "randomInterval": true,
          "looping": true
        }
      },
      "infernal_creeper": {
        "minecraft:health": {
          "value": 80,
          "max": 80
        },
        "minecraft:loot": {
          "table": "loot_tables/entities/tartarean/infernal_creeper.json"
        },
        "minecraft:experience_reward": {
          "on_death": "query.last_hit_by_player ? 60 + (query.equipment_count * Math.Random(1,3)) : 0"
        },
        "minecraft:spell_effects": {
          "add_effects": [
            {
              "effect": "saturation",
              "duration": 999999,
              "visible": true
            },
            {
              "effect": "fire_resistance",
              "duration": 999999,
              "visible": false
            }
          ]
        },
        "minecraft:despawn": {
          "despawn_from_distance": {
            "min_distance": 64,
            "max_distance": 256
          }
        },
        "minecraft:movement": {
          "value": 0.8
        }
      },
      "infernal_one_up": {
        "minecraft:boss": {
          "hud_range": 30,
          "name": "§cInfernal Recurrence Creeper the Undying"
        },
        "minecraft:damage_sensor": {
          "triggers": {
            "on_damage": {
              "filters": {
                "all_of": [
                  {
                    "test": "has_damage",
                    "value": "fatal"
                  },
                  {
                    "test": "is_family",
                    "subject": "other",
                    "value": "player"
                  }
                ]
              },
              "event": "one_up",
              "target": "self"
            }
          }
        }
      },
      "infernal_bullwark": {
        "minecraft:boss": {
          "hud_range": 30,
          "name": "§cInfernal Turtling Creeper of Effing Armor"
        },
        "minecraft:spell_effects": {
          "add_effects": [
            {
              "effect": "saturation",
              "duration": 999999,
              "visible": true
            },
            {
              "effect": "fire_resistance",
              "duration": 999999,
              "visible": false
            },
            {
              "effect": "resistance",
              "duration": 999999,
              "amplifier": 3,
              "visible": false
            }
          ]
        }
      },
      "infernal_cloaking": {
        "minecraft:boss": {
          "hud_range": 30,
          "name": "§cInfernal Hunting Creeper the Predator"
        },
        "minecraft:spell_effects": {
          "add_effects": [
            {
              "effect": "saturation",
              "duration": 999999,
              "visible": true
            },
            {
              "effect": "fire_resistance",
              "duration": 999999,
              "visible": false
            },
            {
              "effect": "invisibility",
              "duration": 999999,
              "visible": false
            }
          ]
        }
      },
      "infernal_fiery": {
        "minecraft:boss": {
          "hud_range": 30,
          "name": "§cInfernal Toasting Creeper the Phoenix"
        },
        "minecraft:timer": {
          "time": [
            5,
            10
          ],
          "time_down_event": {
            "event": "fiery"
          },
          "randomInterval": true,
          "looping": true
        }
      },
      "infernal_sprint": {
        "minecraft:boss": {
          "hud_range": 30,
          "name": "§cInfernal Swift Creeper of Being In Your Face"
        },
        "minecraft:spell_effects": {
          "add_effects": [
            {
              "effect": "saturation",
              "duration": 999999,
              "visible": true
            },
            {
              "effect": "fire_resistance",
              "duration": 999999,
              "visible": false
            },
            {
              "effect": "speed",
              "duration": 999999,
              "amplifier": 3,
              "visible": false
            }
          ]
        }
      },
      "infernal_storm": {
        "minecraft:boss": {
          "hud_range": 30,
          "name": "§cInfernal Electrified Creeper the Raiden"
        },
        "minecraft:timer": {
          "time": [
            5,
            10
          ],
          "time_down_event": {
            "event": "storm"
          },
          "randomInterval": true,
          "looping": true
        }
      },
      "infernal_webber": {
        "minecraft:boss": {
          "hud_range": 30,
          "name": "§cInfernal Deceiving Creeper of Traps"
        },
        "minecraft:timer": {
          "time": [
            5,
            10
          ],
          "time_down_event": {
            "event": "webber"
          },
          "randomInterval": true,
          "looping": true
        }
      }
    },
    "components": {
      "minecraft:is_hidden_when_invisible": {},
      "minecraft:experience_reward": {
        "on_death": "query.last_hit_by_player ? 10 : 0"
      },
      "minecraft:loot": {
        "table": "loot_tables/entities/creeper.json"
      },
      "minecraft:collision_box": {
        "width": 0.6,
        "height": 1.8
      },
      "minecraft:movement": {
        "value": 0.2
      },
      "minecraft:movement.basic": {},
      "minecraft:jump.static": {},
      "minecraft:can_climb": {},
      "minecraft:health": {
        "value": 20,
        "max": 20
      },
      "minecraft:hurt_on_condition": {
        "damage_conditions": [
          {
            "filters": {
              "test": "in_lava",
              "operator": "==",
              "value": true,
              "subject": "self"
            },
            "cause": "lava",
            "damage_per_tick": 4
          }
        ]
      },
      "minecraft:nameable": {},
      "minecraft:despawn": {
        "despawn_from_distance": {}
      },
      "minecraft:behavior.float": {
        "priority": 0
      },
      "minecraft:behavior.hurt_by_target": {
        "priority": 2,
        "entity_types": {
          "filters": {
            "test": "is_family",
            "subject": "other",
            "operator": "!=",
            "value": "goat"
          }
        }
      },
      "minecraft:behavior.random_stroll": {
        "priority": 5,
        "speed_multiplier": 1
      },
      "minecraft:behavior.random_look_around": {
        "priority": 6
      },
      "minecraft:type_family": {
        "family": [
          "creeper",
          "monster",
          "mob"
        ]
      },
      "minecraft:physics": {},
      "minecraft:pushable": {
        "is_pushable": true,
        "is_pushable_by_piston": true
      },
      "minecraft:conditional_bandwidth_optimization": {},
      "minecraft:breathable": {
        "total_supply": 15,
        "suffocate_time": 0
      },
      "minecraft:behavior.look_at_player": {
        "priority": 6,
        "look_distance": 8
      },
      "minecraft:navigation.walk": {
        "can_path_over_water": true
      },
      "minecraft:attack": {
        "damage": 3
      },
      "minecraft:damage_sensor": {
        "triggers": {
          "on_damage": {
            "filters": {
              "test": "is_family",
              "subject": "other",
              "value": "lightning"
            },
            "event": "minecraft:become_charged"
          },
          "deals_damage": false
        }
      },
      "minecraft:target_nearby_sensor": {
        "inside_range": 2.5,
        "outside_range": 6.0,
        "must_see": true,
        "on_inside_range": {
          "event": "minecraft:start_exploding",
          "target": "self"
        },
        "on_outside_range": {
          "event": "minecraft:stop_exploding",
          "target": "self"
        },
        "on_vision_lost_inside_range": {
          "event": "minecraft:stop_exploding",
          "target": "self"
        }
      },
      "minecraft:interact": {
        "interactions": {
          "on_interact": {
            "filters": {
              "all_of": [
                {
                  "test": "is_family",
                  "subject": "other",
                  "value": "player"
                },
                {
                  "test": "has_equipment",
                  "domain": "hand",
                  "subject": "other",
                  "value": "flint_and_steel"
                },
                {
                  "test": "has_component",
                  "operator": "!=",
                  "value": "minecraft:explode"
                }
              ]
            },
            "event": "minecraft:start_exploding_forced",
            "target": "self"
          },
          "hurt_item": 1,
          "swing": true,
          "play_sounds": "ignite",
          "interact_text": "action.interact.creeper"
        }
      },
      "minecraft:behavior.swell": {
        "start_distance": 2.5,
        "stop_distance": 6.0,
        "priority": 2
      },
      "minecraft:behavior.melee_attack": {
        "priority": 4,
        "speed_multiplier": 1.25,
        "track_target": false,
        "reach_multiplier": 0
      },
      "minecraft:behavior.avoid_mob_type": {
        "priority": 3,
        "entity_types": [
          {
            "filters": {
              "any_of": [
                {
                  "test": "is_family",
                  "subject": "other",
                  "value": "ocelot"
                },
                {
                  "test": "is_family",
                  "subject": "other",
                  "value": "cat"
                }
              ]
            },
            "max_dist": 6,
            "sprint_speed_multiplier": 1.5
          }
        ]
      },
      "minecraft:behavior.nearest_attackable_target": {
        "priority": 1,
        "must_see": true,
        "must_see_forget_duration": 3,
        "entity_types": [
          {
            "filters": {
              "test": "is_family",
              "subject": "other",
              "value": "player"
            },
            "max_dist": 16
          }
        ]
      },
      "minecraft:on_target_escape": {
        "event": "minecraft:stop_exploding",
        "target": "self"
      }
    },
    "events": {
      "minecraft:entity_spawned": {
        "randomize": [
          {
            "weight": 9500
          },
          {
            "weight": 100,
            "add": {
              "component_groups": [
                "elite_creeper",
                "elite_one_up"
              ]
            }
          },
          {
            "weight": 100,
            "add": {
              "component_groups": [
                "elite_creeper",
                "elite_bullwark"
              ]
            }
          },
          {
            "weight": 100,
            "add": {
              "component_groups": [
                "elite_creeper",
                "elite_cloaking"
              ]
            }
          },
          {
            "weight": 100,
            "add": {
              "component_groups": [
                "elite_creeper",
                "elite_fiery"
              ]
            }
          },
          {
            "weight": 100,
            "add": {
              "component_groups": [
                "elite_creeper",
                "elite_sprint"
              ]
            }
          },
          {
            "weight": 100,
            "add": {
              "component_groups": [
                "elite_creeper",
                "elite_storm"
              ]
            }
          },
          {
            "weight": 100,
            "add": {
              "component_groups": [
                "elite_creeper",
                "elite_webber"
              ]
            }
          },
          {
            "weight": 50,
            "add": {
              "component_groups": [
                "ultra_creeper",
                "ultra_one_up"
              ]
            }
          },
          {
            "weight": 50,
            "add": {
              "component_groups": [
                "ultra_creeper",
                "ultra_bullwark"
              ]
            }
          },
          {
            "weight": 50,
            "add": {
              "component_groups": [
                "ultra_creeper",
                "ultra_cloaking"
              ]
            }
          },
          {
            "weight": 50,
            "add": {
              "component_groups": [
                "ultra_creeper",
                "ultra_fiery"
              ]
            }
          },
          {
            "weight": 50,
            "add": {
              "component_groups": [
                "ultra_creeper",
                "ultra_sprint"
              ]
            }
          },
          {
            "weight": 50,
            "add": {
              "component_groups": [
                "ultra_creeper",
                "ultra_storm"
              ]
            }
          },
          {
            "weight": 50,
            "add": {
              "component_groups": [
                "ultra_creeper",
                "ultra_webber"
              ]
            }
          },
          {
            "weight": 10,
            "add": {
              "component_groups": [
                "infernal_creeper",
                "infernal_one_up"
              ]
            }
          },
          {
            "weight": 10,
            "add": {
              "component_groups": [
                "infernal_creeper",
                "infernal_bullwark"
              ]
            }
          },
          {
            "weight": 10,
            "add": {
              "component_groups": [
                "infernal_creeper",
                "infernal_cloaking"
              ]
            }
          },
          {
            "weight": 10,
            "add": {
              "component_groups": [
                "infernal_creeper",
                "infernal_fiery"
              ]
            }
          },
          {
            "weight": 10,
            "add": {
              "component_groups": [
                "infernal_creeper",
                "infernal_sprint"
              ]
            }
          },
          {
            "weight": 10,
            "add": {
              "component_groups": [
                "infernal_creeper",
                "infernal_storm"
              ]
            }
          },
          {
            "weight": 10,
            "add": {
              "component_groups": [
                "infernal_creeper",
                "infernal_webber"
              ]
            }
          }
        ]
      },
      "minecraft:start_exploding_forced": {
        "sequence": [
          {
            "filters": {
              "test": "has_component",
              "operator": "!=",
              "value": "minecraft:is_charged"
            },
            "add": {
              "component_groups": [
                "minecraft:forced_exploding"
              ]
            }
          },
          {
            "filters": {
              "test": "has_component",
              "value": "minecraft:is_charged"
            },
            "add": {
              "component_groups": [
                "minecraft:forced_charged_exploding"
              ]
            }
          }
        ]
      },
      "minecraft:start_exploding": {
        "sequence": [
          {
            "filters": {
              "test": "has_component",
              "operator": "!=",
              "value": "minecraft:is_charged"
            },
            "add": {
              "component_groups": [
                "minecraft:exploding"
              ]
            }
          },
          {
            "filters": {
              "test": "has_component",
              "value": "minecraft:is_charged"
            },
            "add": {
              "component_groups": [
                "minecraft:charged_exploding"
              ]
            }
          }
        ]
      },
      "minecraft:stop_exploding": {
        "remove": {
          "component_groups": [
            "minecraft:exploding"
          ]
        }
      },
      "minecraft:become_charged": {
        "remove": {
          "component_groups": [
            "minecraft:exploding"
          ]
        },
        "add": {
          "component_groups": [
            "minecraft:charged_creeper"
          ]
        }
      },
      "one_up": {
        "run_command": {
          "command": [
            "effect @s [tag=!one_up] instant_health 1 255 true",
            "tag @s one_up"
          ]
        }
      },
      "fiery": {
        "run_command": {
          "command": [
            "execute as @e [type=player,r=10] as @s run fill ~~~ ~~~ fire replace air"
          ]
        }
      },
      "storm": {
        "run_command": {
          "command": [
            "execute as @e [type=player,r=10] as @s run summon lightning_bolt"
          ]
        }
      },
      "webber": {
        "run_command": {
          "command": [
            "execute as @e [type=player,r=10] as @s run fill ~~~ ~~~ web replace air"
          ]
        }
      }
    }
  }
}