{
  "credit": "Thanks to Legopitstop for creating this useful resource. https://legopitstop.weebly.com/media.html",
  "format_version": "1.16.100",
  "minecraft:item": {
    "description": {
      "identifier": "morefood:knife_netherite",
      "category": "Equipment"
    },
    "components": {
      "minecraft:creative_category": {
        "parent": "itemGroup.search"
      },
      "minecraft:icon": {
        "texture": "morefood:knife",
        "frame": 3
      },
      "tag:morefood:is_knife": {},
      "tag:minecraft:netherite_tier": {},
      "tag:minecraft:is_tool": {},
      "minecraft:hand_equipped": true,
      "minecraft:can_destroy_in_creative": false,
      "minecraft:max_stack_size": 1,
      "minecraft:damage": 8,
      "minecraft:mining_speed": 1.5,
      "minecraft:use_duration": 72000,
      "minecraft:durability": {
        "max_durability": 2031
      },
      "minecraft:enchantable": {
        "value": 15,
        "slot": "sword"
      },
      "minecraft:digger": {
        "use_efficiency": true,
        "destroy_speeds": [
          {
            "block": "minecraft:web",
            "speed": 15
          },
          {
            "block": "minecraft:bamboo",
            "speed": 10
          }
        ]
      },
      "minecraft:repairable": {
        "repair_items": [
          {
            "items": [
              "minecraft:netherite_ingot"
            ],
            "repair_amount": 0.25
          },
          {
            "items": [
              "morefood:knife_netherite"
            ],
            "repair_amount": 0.12
          }
        ]
      }
    }
  }
}