{
  "credit": "Thanks to Legopitstop for creating this useful resource. https://legopitstop.weebly.com/media.html",
  "format_version": "1.16.100",
  "minecraft:item": {
    "description": {
      "identifier": "morefood:wooden_spoon",
      "category": "Equipment"
    },
    "components": {
      "minecraft:creative_category": {
        "parent": "itemGroup.search"
      },
      "minecraft:icon": {
        "texture": "morefood:wooden_spoon"
      },
      "tag:morefood:is_spoon": {},
      "tag:minecraft:digger": {},
      "tag:minecraft:is_tool": {},
      "tag:minecraft:wooden_tier": {},
      "minecraft:hand_equipped": true,
      "minecraft:max_stack_size": 1,
      "minecraft:damage": 1,
      "minecraft:mining_speed": 2.0,
      "minecraft:durability": {
        "max_durability": 59
      },
      "minecraft:fuel": {
        "duration": 10.0
      },
      "minecraft:enchantable": {
        "value": 15,
        "slot": "shovel"
      },
      "minecraft:digger": {
        "use_efficiency": true,
        "destroy_speeds": [
          {
            "block": {
              "any_tag": [
                "dirt",
                "sand",
                "gravel",
                "grass",
                "snow"
              ]
            },
            "speed": 2
          }
        ]
      },
      "minecraft:repairable": {
        "repair_items": [
          {
            "items": [
              "minecraft:planks"
            ],
            "repair_amount": 0.25
          },
          {
            "items": [
              "morefood:wooden_spoon"
            ],
            "repair_amount": 0.12
          }
        ]
      }
    }
  }
}