{
	"format_version": "1.16.100",
	"minecraft:item": {
		"description": {
			"identifier": "heavy:copper_boots",
			"category": "equipment"
		},
		"components": {
			"minecraft:max_stack_size": 1,
			"minecraft:enchantable": {
				"value": 6,
				"slot": "armor_feet"
			},
			"minecraft:durability": {
				"max_durability": 216,
				"damage_chance": {
					"min": 60,
					"max": 100
				}
			},
			"minecraft:icon": {
				"texture": "copper_boots"
			},
			"minecraft:render_offsets": "boots",
			"minecraft:armor": {
				"protection": 2
			},
			"minecraft:wearable": {
				"slot": "slot.armor.feet"
			},
			"minecraft:repairable": {
				"repair_items": [
					{
						"items": [
							"minecraft:copper_ingot"
						],
						"repair_amount": "query.max_durability * 0.25"
					}
				]
			},
			"minecraft:creative_category": {
				"parent": "itemGroup.name.boots"
			},
			"minecraft:display_name": {
			},
			"minecraft:on_use": {
				"on_use": {
					"event": "armor",
					"target": "self"
				}
			}
		},
		"events": {
			"armor": {
				"condition": "query.is_item_name_any('slot.armor.feet','')",
				"run_command": {
				  "command": [
					"playsound armor.equip_gold @a ~ ~ ~ 1"
				  ],
				  "target": "holder"
				}
			  }
		}
	}
}