{
	"format_version": "1.8.0",
	"animations": {
		"animation.player.thunder_move": {
			"animation_length": 0.83333,
			"bones": {
				"rightArm": {
					"rotation": {
						"0.0": [0, 0, 10],
						"0.4167": [-167.5, 0, -15],
						"0.8333": [0, 0, 10]
					},
					"position": {
						"0.0": [0, 0, 0],
						"0.4167": [0, 1, 0],
						"0.5": [0, 1.8, 0],
						"0.8333": [0, 0, 0]
					}
				},
				"rightItem": {
					"rotation": {
						"0.0": [0, 0, 0],
						"0.4167": [62.5, 0, 0],
						"0.5833": [77.5, 0, 0],
						"0.8333": [0, 0, 0]
					}
				}
			}
		}
	}
}