{
  "credit": "Thanks to Legopitstop for creating this useful resource. https://legopitstop.weebly.com/media.html",
  "format_version": "1.16.100",
  "minecraft:item": {
    "description": {
      "identifier": "morefood:bottled_cider_75",
      "category": "Items"
    },
    "components": {
      "minecraft:creative_category": {
        "parent": "itemGroup.search"
      },
      "minecraft:max_stack_size": 1,
      "minecraft:icon": {
        "texture": "morefood:bottled_cider"
      }
    }
  }
}