{
  "credit": "Thanks to Legopitstop for creating this useful resource. https://legopitstop.weebly.com/media.html",
  "format_version": "1.16.100",
  "minecraft:item": {
    "description": {
      "identifier": "morefood:empty_popcorn_bucket",
      "category": "Items"
    },
    "components": {
      "minecraft:creative_category": {
        "parent": "itemGroup.search"
      },
      "minecraft:max_stack_size": 16,
      "minecraft:icon": {
        "texture": "morefood:bucket",
        "frame": 1
      }
    }
  }
}