{
  "credit": "Thanks to Legopitstop for creating this useful resource. https://legopitstop.weebly.com/media.html",
  "format_version": "1.16.100",
  "minecraft:item": {
    "description": {
      "identifier": "morefood:sparkling_water_bucket",
      "category": "Items"
    },
    "components": {
      "minecraft:creative_category": {
        "parent": "itemGroup.search"
      },
      "minecraft:icon": {
        "texture": "morefood:bucket",
        "frame": 2
      },
      "minecraft:use_animation": "drink",
      "minecraft:use_duration": 1.61,
      "minecraft:max_stack_size": 1,
      "minecraft:food": {
        "nutrition": 0,
        "saturation_modifier": "low",
        "using_converts_to": "minecraft:bucket"
      }
    }
  }
}