{
	"format_version": "1.20.10",
	"minecraft:recipe_shaped": {
	  "description": {
		"identifier": "deathnerite_carrot"
	  },
	  "tags": [
		"crafting_table"
	  ],
	  "pattern": [
		"BBB",
		"BAB",
		"BBB"
	  ],
	  "key": {
		"A": {
		  "item": "true:deathnerite_upgrade_smithing_template"
		},
		"B":{
		  "item":"minecraft:carrot"
		}
	  },
	  "unlock": [
		{
			"item":"minecraft:carrot"
		},
		{
			"item": "true:deathnerite_upgrade_smithing_template"
		}
	  ],
	  "result": {
		"item": "heavy:deathnerite_carrot",
        "count": 8
	  }
	}
  }