{
  "credit": "Thanks to Legopitstop for creating this useful resource. https://legopitstop.weebly.com/media.html",
  "format_version": "1.16.0",
  "morefood:apple_hanging_fruit": {
    "sound": "wood"
  },
  "morefood:banana_hanging_fruit": {
    "sound": "wood"
  },
  "morefood:orange_hanging_fruit": {
    "sound": "wood"
  },
  "morefood:plum_hanging_fruit": {
    "sound": "wood"
  },
  "morefood:olives_hanging_fruit": {
    "sound": "wood"
  },
  "morefood:lemon_hanging_fruit": {
    "sound": "wood"
  },
  "morefood:chocolate_cake_block": {
    "sound": "cloth"
  },
  "morefood:rainbow_cake_block": {
    "sound": "cloth"
  },
  "morefood:redwhiteblue_cake_block": {
    "sound": "cloth"
  },
  "morefood:barley_crop": {
    "sound": "grass"
  },
  "morefood:corn_crop": {
    "sound": "grass"
  },
  "morefood:hops_crop": {
    "sound": "grass"
  },
  "morefood:lettuce_crop": {
    "sound": "grass"
  },
  "morefood:onion_crop": {
    "sound": "grass"
  },
  "morefood:rice_crop": {
    "sound": "grass"
  },
  "morefood:coffee_bush": {
    "sound": "sweet_berry_bush"
  },
  "morefood:gherkin_bush": {
    "sound": "sweet_berry_bush"
  },
  "morefood:grape_bush": {
    "sound": "sweet_berry_bush"
  },
  "morefood:pepper_bush": {
    "sound": "sweet_berry_bush"
  },
  "morefood:raspberry_bush": {
    "sound": "sweet_berry_bush"
  },
  "morefood:strawberry_bush": {
    "sound": "sweet_berry_bush"
  },
  "morefood:tea_bush": {
    "sound": "sweet_berry_bush"
  },
  "morefood:tomato_bush": {
    "sound": "sweet_berry_bush"
  },
  "morefood:vanilla_bush": {
    "sound": "sweet_berry_bush"
  },
  "morefood:lemon_sapling_block": {
    "sound": "grass"
  },
  "morefood:olive_sapling_block": {
    "sound": "grass"
  },
  "morefood:orange_sapling_block": {
    "sound": "grass"
  },
  "morefood:plum_sapling_block": {
    "sound": "grass"
  },
  "morefood:apple_sapling_block": {
    "sound": "grass"
  },
  "morefood:banana_sapling_block": {
    "sound": "grass"
  },
  "morefood:palm_sapling_block": {
    "sound": "grass"
  },
  "morefood:apple_block": {
    "sound": "wood"
  },
  "morefood:banana_block": {
    "sound": "wood"
  },
  "morefood:golden_apple_block": {
    "sound": "wood"
  },
  "morefood:grape_block": {
    "sound": "wood"
  },
  "morefood:hops_block": {
    "sound": "wood"
  },
  "morefood:lemon_block": {
    "sound": "wood"
  },
  "morefood:olive_block": {
    "sound": "wood"
  },
  "morefood:orange_block": {
    "sound": "wood"
  },
  "morefood:plum_block": {
    "sound": "wood"
  },
  "morefood:raspberry_block": {
    "sound": "wood"
  },
  "morefood:strawberry_block": {
    "sound": "wood"
  },
  "morefood:baked_potato_block": {
    "sound": "wood"
  },
  "morefood:carrot_block": {
    "sound": "wood"
  },
  "morefood:potato_block": {
    "sound": "wood"
  },
  "morefood:cookie_block": {
    "sound": "wood"
  },
  "morefood:dark_chocolate_block": {
    "sound": "wood"
  },
  "morefood:milk_chocolate_block": {
    "sound": "wood"
  },
  "morefood:white_chocolate_block": {
    "sound": "wood"
  },
  "morefood:cooked_beef_block": {
    "sound": "wood"
  },
  "morefood:cooked_chicken_block": {
    "sound": "wood"
  },
  "morefood:cooked_mutton_block": {
    "sound": "wood"
  },
  "morefood:cooked_rabbit_block": {
    "sound": "wood"
  },
  "morefood:cooked_squid_block": {
    "sound": "wood"
  },
  "morefood:beef_block": {
    "sound": "wood"
  },
  "morefood:chicken_block": {
    "sound": "wood"
  },
  "morefood:mutton_block": {
    "sound": "wood"
  },
  "morefood:rabbit_block": {
    "sound": "wood"
  },
  "morefood:squid_block": {
    "sound": "wood"
  },
  "morefood:empty_large_pumpkin_pile_block": {
    "sound": "wood"
  },
  "morefood:large_pumpkin_pile1_block": {
    "sound": "wood"
  },
  "morefood:large_pumpkin_pile2_block": {
    "sound": "wood"
  },
  "morefood:large_pumpkin_pile3_block": {
    "sound": "wood"
  },
  "morefood:large_pumpkin_pile4_block": {
    "sound": "wood"
  },
  "morefood:large_pumpkin_pile5_block": {
    "sound": "wood"
  },
  "morefood:empty_small_pumpkin_pile_block": {
    "sound": "wood"
  },
  "morefood:small_pumpkin_pile1_block": {
    "sound": "wood"
  },
  "morefood:small_pumpkin_pile2_block": {
    "sound": "wood"
  },
  "morefood:small_pumpkin_pile3_block": {
    "sound": "wood"
  }
}