	{
	"format_version": "1.16.100",
	"minecraft:item": {
		"description": {
			"identifier": "heavy:deathnerite_chestplate",
			"category": "equipment"
		},
		"components": {
			"tag:minecraft:trimmable_armors": {},
			"tag:weight_6": {},
			"minecraft:max_stack_size": 1,
			"minecraft:enchantable": {
				"value": 25,
				"slot": "armor_torso"
			},
			"minecraft:durability": {
				"max_durability": 710,
				"damage_chance": {
					"min": 60,
					"max": 100
				}
			},
			"minecraft:icon": {
				"texture": "deathnerite_chestplate"
			},
			"minecraft:render_offsets": "chestplates",
			"minecraft:armor": {
				"protection": 9
			},
			"minecraft:knockback_resistance": {
				"protection": 0.2
			  },
			"minecraft:wearable": {
				"slot": "slot.armor.chest"
			},
			"minecraft:creative_category": {
				"parent": "itemGroup.name.chestplate"
			},
			"minecraft:display_name": {},
			"minecraft:on_use": {
				"on_use": {
					"event": "armor",
					"target": "self"
				}
			}
		},
		"events": {
			"armor": {
				"condition": "query.equipped_item_any_tag('slot.armor.chest','air')",
				"run_command": {
				  "command": [
					"playsound armor.equip_netherite @p"
				  ],
				  "target": "holder"
				}
			  }
		}
	}
}