{
  "pools": [
    {
      "rolls": 1,
      "entries": [
        {
          "type": "item",
          "name": "minecraft:coal",
          "weight": 1,
          "functions": [
            {
              "function": "set_count",
              "count": {
                "min": 1,
                "max": 2
              }
            },
            {
              "function": "looting_enchant",
              "count": {
                "min": 1,
                "max": 2
              }
            }
          ]
        }
      ]
    },
    {
      "rolls": 1,
      "entries": [
        {
          "type": "item",
          "name": "minecraft:bone",
          "weight": 1,
          "functions": [
            {
              "function": "set_count",
              "count": {
                "min": 1,
                "max": 4
              }
            },
            {
              "function": "looting_enchant",
              "count": {
                "min": 1,
                "max": 2
              }
            }
          ]
        }
      ]
    },
    {
      "conditions": [
        {
          "condition": "killed_by_player"
        },
        {
          "condition": "random_chance_with_looting",
          "chance": 0.025,
          "looting_multiplier": 0.02
        }
      ],
      "rolls": 1,
      "entries": [
        {
          "type": "item",
          "name": "minecraft:skull",
          "weight": 1,
          "functions": [
            {
              "function": "set_data",
              "data": 1
            }
          ]
        }
      ]
    },
    {
      "rolls": 1,
      "entries": [
        {
          "type": "item",
          "name": "minecraft:cookie",
          "weight": 6,
          "functions": [
            {
              "function": "set_count",
              "count": {
                "min": 1,
                "max": 6
              }
            }
          ]
        },
        {
          "type": "item",
          "name": "minecraft:chainmail_helmet",
          "weight": 6,
          "functions": [
            {
              "function": "set_damage",
              "damage": {
                "min": 0.8,
                "max": 1
              }
            },
            {
              "function": "enchant_with_levels",
              "levels": 12,
              "treasure": true
            }
          ]
        },
        {
          "type": "item",
          "name": "minecraft:chainmail_chestplate",
          "weight": 6,
          "functions": [
            {
              "function": "set_damage",
              "damage": {
                "min": 0.8,
                "max": 1
              }
            },
            {
              "function": "enchant_with_levels",
              "levels": 12,
              "treasure": true
            }
          ]
        },
        {
          "type": "item",
          "name": "minecraft:chainmail_leggings",
          "weight": 6,
          "functions": [
            {
              "function": "set_damage",
              "damage": {
                "min": 0.8,
                "max": 1
              }
            },
            {
              "function": "enchant_with_levels",
              "levels": 12,
              "treasure": true
            }
          ]
        },
        {
          "type": "item",
          "name": "minecraft:chainmail_boots",
          "weight": 6,
          "functions": [
            {
              "function": "set_damage",
              "damage": {
                "min": 0.8,
                "max": 1
              }
            },
            {
              "function": "enchant_with_levels",
              "levels": 12,
              "treasure": true
            }
          ]
        },
        {
          "type": "item",
          "name": "minecraft:iron_sword",
          "weight": 3,
          "functions": [
            {
              "function": "set_damage",
              "damage": {
                "min": 0.8,
                "max": 1
              }
            },
            {
              "function": "enchant_with_levels",
              "levels": 12,
              "treasure": true
            }
          ]
        },
        {
          "type": "item",
          "name": "minecraft:iron_pickaxe",
          "weight": 3,
          "functions": [
            {
              "function": "set_damage",
              "damage": {
                "min": 0.8,
                "max": 1
              }
            },
            {
              "function": "enchant_with_levels",
              "levels": 12,
              "treasure": true
            }
          ]
        },
        {
          "type": "item",
          "name": "minecraft:iron_axe",
          "weight": 3,
          "functions": [
            {
              "function": "set_damage",
              "damage": {
                "min": 0.8,
                "max": 1
              }
            },
            {
              "function": "enchant_with_levels",
              "levels": 12,
              "treasure": true
            }
          ]
        },
        {
          "type": "item",
          "name": "minecraft:iron_shovel",
          "weight": 3,
          "functions": [
            {
              "function": "set_damage",
              "damage": {
                "min": 0.8,
                "max": 1
              }
            },
            {
              "function": "enchant_with_levels",
              "levels": 12,
              "treasure": true
            }
          ]
        },
        {
          "type": "item",
          "name": "minecraft:iron_hoe",
          "weight": 3,
          "functions": [
            {
              "function": "set_damage",
              "damage": {
                "min": 0.8,
                "max": 1
              }
            },
            {
              "function": "enchant_with_levels",
              "levels": 12,
              "treasure": true
            }
          ]
        },
        {
          "type": "item",
          "name": "minecraft:iron_helmet",
          "weight": 3,
          "functions": [
            {
              "function": "set_damage",
              "damage": {
                "min": 0.8,
                "max": 1
              }
            },
            {
              "function": "enchant_with_levels",
              "levels": 12,
              "treasure": true
            }
          ]
        },
        {
          "type": "item",
          "name": "minecraft:iron_chestplate",
          "weight": 3,
          "functions": [
            {
              "function": "set_damage",
              "damage": {
                "min": 0.8,
                "max": 1
              }
            },
            {
              "function": "enchant_with_levels",
              "levels": 12,
              "treasure": true
            }
          ]
        },
        {
          "type": "item",
          "name": "minecraft:iron_leggings",
          "weight": 3,
          "functions": [
            {
              "function": "set_damage",
              "damage": {
                "min": 0.8,
                "max": 1
              }
            },
            {
              "function": "enchant_with_levels",
              "levels": 12,
              "treasure": true
            }
          ]
        },
        {
          "type": "item",
          "name": "minecraft:iron_boots",
          "weight": 3,
          "functions": [
            {
              "function": "set_damage",
              "damage": {
                "min": 0.8,
                "max": 1
              }
            },
            {
              "function": "enchant_with_levels",
              "levels": 12,
              "treasure": true
            }
          ]
        },
        {
          "type": "item",
          "name": "minecraft:book",
          "weight": 6,
          "functions": [
            {
              "function": "enchant_with_levels",
              "levels": 12,
              "treasure": true
            }
          ]
        }
      ]
    }
  ]
}