{
  "pools": [
    {
      "rolls": 1,
      "entries": [
        {
          "type": "item",
          "name": "minecraft:coal",
          "weight": 1,
          "functions": [
            {
              "function": "set_count",
              "count": {
                "min": 4,
                "max": 8
              }
            },
            {
              "function": "looting_enchant",
              "count": {
                "min": 4,
                "max": 8
              }
            }
          ]
        }
      ]
    },
    {
      "rolls": 1,
      "entries": [
        {
          "type": "item",
          "name": "minecraft:bone",
          "weight": 1,
          "functions": [
            {
              "function": "set_count",
              "count": {
                "min": 4,
                "max": 16
              }
            },
            {
              "function": "looting_enchant",
              "count": {
                "min": 4,
                "max": 8
              }
            }
          ]
        }
      ]
    },
    {
      "conditions": [
        {
          "condition": "killed_by_player"
        },
        {
          "condition": "random_chance_with_looting",
          "chance": 0.025,
          "looting_multiplier": 0.02
        }
      ],
      "rolls": 1,
      "entries": [
        {
          "type": "item",
          "name": "minecraft:skull",
          "weight": 1,
          "functions": [
            {
              "function": "set_data",
              "data": 1
            }
          ]
        }
      ]
    },
    {
      "rolls": 1,
      "entries": [
        {
          "type": "item",
          "name": "minecraft:diamond_sword",
          "weight": 6,
          "functions": [
            {
              "function": "set_damage",
              "damage": {
                "min": 0.8,
                "max": 1
              }
            },
            {
              "function": "enchant_with_levels",
              "levels": 30,
              "treasure": true
            }
          ]
        },
        {
          "type": "item",
          "name": "minecraft:diamond_pickaxe",
          "weight": 6,
          "functions": [
            {
              "function": "set_damage",
              "damage": {
                "min": 0.8,
                "max": 1
              }
            },
            {
              "function": "enchant_with_levels",
              "levels": 30,
              "treasure": true
            }
          ]
        },
        {
          "type": "item",
          "name": "minecraft:diamond_axe",
          "weight": 6,
          "functions": [
            {
              "function": "set_damage",
              "damage": {
                "min": 0.8,
                "max": 1
              }
            },
            {
              "function": "enchant_with_levels",
              "levels": 30,
              "treasure": true
            }
          ]
        },
        {
          "type": "item",
          "name": "minecraft:diamond_shovel",
          "weight": 6,
          "functions": [
            {
              "function": "set_damage",
              "damage": {
                "min": 0.8,
                "max": 1
              }
            },
            {
              "function": "enchant_with_levels",
              "levels": 30,
              "treasure": true
            }
          ]
        },
        {
          "type": "item",
          "name": "minecraft:diamond_hoe",
          "weight": 6,
          "functions": [
            {
              "function": "set_damage",
              "damage": {
                "min": 0.8,
                "max": 1
              }
            },
            {
              "function": "enchant_with_levels",
              "levels": 30,
              "treasure": true
            }
          ]
        },
        {
          "type": "item",
          "name": "minecraft:diamond_helmet",
          "weight": 6,
          "functions": [
            {
              "function": "set_damage",
              "damage": {
                "min": 0.8,
                "max": 1
              }
            },
            {
              "function": "enchant_with_levels",
              "levels": 30,
              "treasure": true
            }
          ]
        },
        {
          "type": "item",
          "name": "minecraft:diamond_chestplate",
          "weight": 6,
          "functions": [
            {
              "function": "set_damage",
              "damage": {
                "min": 0.8,
                "max": 1
              }
            },
            {
              "function": "enchant_with_levels",
              "levels": 30,
              "treasure": true
            }
          ]
        },
        {
          "type": "item",
          "name": "minecraft:diamond_leggings",
          "weight": 6,
          "functions": [
            {
              "function": "set_damage",
              "damage": {
                "min": 0.8,
                "max": 1
              }
            },
            {
              "function": "enchant_with_levels",
              "levels": 30,
              "treasure": true
            }
          ]
        },
        {
          "type": "item",
          "name": "minecraft:diamond_boots",
          "weight": 6,
          "functions": [
            {
              "function": "set_damage",
              "damage": {
                "min": 0.8,
                "max": 1
              }
            },
            {
              "function": "enchant_with_levels",
              "levels": 30,
              "treasure": true
            }
          ]
        },
        {
          "type": "item",
          "name": "minecraft:diamond",
          "weight": 6,
          "functions": [
            {
              "function": "set_count",
              "count": {
                "min": 1,
                "max": 3
              }
            }
          ]
        },
        {
          "type": "item",
          "name": "minecraft:ender_pearl",
          "weight": 3,
          "functions": [
            {
              "function": "set_count",
              "count": {
                "min": 1,
                "max": 3
              }
            }
          ]
        },
        {
          "type": "item",
          "name": "minecraft:ender_eye",
          "weight": 3,
          "functions": [
            {
              "function": "set_count",
              "count": {
                "min": 1,
                "max": 3
              }
            }
          ]
        },
        {
          "type": "item",
          "name": "minecraft:book",
          "weight": 6,
          "functions": [
            {
              "function": "enchant_with_levels",
              "levels": 30,
              "treasure": true
            }
          ]
        }
      ]
    }
  ]
}