{
	"pools" : [
		{
			"rolls" : 1,
			"entries" : [
				{
					"type" : "item",
					"name" : "minecraft:diamond_sword",
					"weight" : 6,
					"functions" : [
						{
							"function" : "set_damage",
							"damage" : {
								"min" : 0.8,
								"max" : 1
							}
						},
						{
							"function" : "enchant_with_levels",
							"levels" : 30,
							"treasure" : true
						}
					]
				},
				{
					"type" : "item",
					"name" : "minecraft:diamond_pickaxe",
					"weight" : 6,
					"functions" : [
						{
							"function" : "set_damage",
							"damage" : {
								"min" : 0.8,
								"max" : 1
							}
						},
						{
							"function" : "enchant_with_levels",
							"levels" : 30,
							"treasure" : true
						}
					]
				},
				{
					"type" : "item",
					"name" : "minecraft:diamond_axe",
					"weight" : 6,
					"functions" : [
						{
							"function" : "set_damage",
							"damage" : {
								"min" : 0.8,
								"max" : 1
							}
						},
						{
							"function" : "enchant_with_levels",
							"levels" : 30,
							"treasure" : true
						}
					]
				},
				{
					"type" : "item",
					"name" : "minecraft:diamond_shovel",
					"weight" : 6,
					"functions" : [
						{
							"function" : "set_damage",
							"damage" : {
								"min" : 0.8,
								"max" : 1
							}
						},
						{
							"function" : "enchant_with_levels",
							"levels" : 30,
							"treasure" : true
						}
					]
				},
				{
					"type" : "item",
					"name" : "minecraft:diamond_hoe",
					"weight" : 6,
					"functions" : [
						{
							"function" : "set_damage",
							"damage" : {
								"min" : 0.8,
								"max" : 1
							}
						},
						{
							"function" : "enchant_with_levels",
							"levels" : 30,
							"treasure" : true
						}
					]
				},
				{
					"type" : "item",
					"name" : "minecraft:diamond_helmet",
					"weight" : 6,
					"functions" : [
						{
							"function" : "set_damage",
							"damage" : {
								"min" : 0.8,
								"max" : 1
							}
						},
						{
							"function" : "enchant_with_levels",
							"levels" : 30,
							"treasure" : true
						}
					]
				},
				{
					"type" : "item",
					"name" : "minecraft:diamond_chestplate",
					"weight" : 6,
					"functions" : [
						{
							"function" : "set_damage",
							"damage" : {
								"min" : 0.8,
								"max" : 1
							}
						},
						{
							"function" : "enchant_with_levels",
							"levels" : 30,
							"treasure" : true
						}
					]
				},
				{
					"type" : "item",
					"name" : "minecraft:diamond_leggings",
					"weight" : 6,
					"functions" : [
						{
							"function" : "set_damage",
							"damage" : {
								"min" : 0.8,
								"max" : 1
							}
						},
						{
							"function" : "enchant_with_levels",
							"levels" : 30,
							"treasure" : true
						}
					]
				},
				{
					"type" : "item",
					"name" : "minecraft:diamond_boots",
					"weight" : 6,
					"functions" : [
						{
							"function" : "set_damage",
							"damage" : {
								"min" : 0.8,
								"max" : 1
							}
						},
						{
							"function" : "enchant_with_levels",
							"levels" : 30,
							"treasure" : true
						}
					]
				},
				{
					"type" : "item",
					"name" : "minecraft:diamond",
					"weight" : 6,
					"functions" : [
						{
							"function" : "set_count",
							"count" : {
								"min" : 1,
								"max" : 3
							}
						}
					]
				},
				{
					"type" : "item",
					"name" : "minecraft:ender_pearl",
					"weight" : 3,
					"functions" : [
						{
							"function" : "set_count",
							"count" : {
								"min" : 1,
								"max" : 3
							}
						}
					]
				},
				{
					"type" : "item",
					"name" : "minecraft:ender_eye",
					"weight" : 3,
					"functions" : [
						{
							"function" : "set_count",
							"count" : {
								"min" : 1,
								"max" : 3
							}
						}
					]
				},
				{
					"type" : "item",
					"name" : "minecraft:book",
					"weight" : 6,
					"functions" : [
						{
							"function" : "enchant_with_levels",
							"levels" : 30,
							"treasure" : true
						}
					]
				}
			]
		},
		{
			"rolls" : 1,
			"entries" : [
				{
					"type" : "item",
					"name" : "minecraft:gunpowder",
					"weight" : 1,
					"functions" : [
						{
							"function" : "set_count",
							"count" : {
								"min" : 6,
								"max" : 8
							}
						},
						{
							"function" : "looting_enchant",
							"count" : {
								"min" : 4,
								"max" : 6
							}
						}
					]
				}
			]
		},
		{
			"conditions" : [
				{
					"condition" : "killed_by_entity",
					"entity_type" : "minecraft:skeleton"
				}
			],
			"rolls" : 1,
			"entries" : [
				{
					"type" : "item",
					"name" : "minecraft:record_13"
				},
				{
					"type" : "item",
					"name" : "minecraft:record_cat"
				},
				{
					"type" : "item",
					"name" : "minecraft:record_blocks"
				},
				{
					"type" : "item",
					"name" : "minecraft:record_chirp"
				},
				{
					"type" : "item",
					"name" : "minecraft:record_far"
				},
				{
					"type" : "item",
					"name" : "minecraft:record_mall"
				},
				{
					"type" : "item",
					"name" : "minecraft:record_mellohi"
				},
				{
					"type" : "item",
					"name" : "minecraft:record_stal"
				},
				{
					"type" : "item",
					"name" : "minecraft:record_strad"
				},
				{
					"type" : "item",
					"name" : "minecraft:record_ward"
				},
				{
					"type" : "item",
					"name" : "minecraft:record_11"
				},
				{
					"type" : "item",
					"name" : "minecraft:record_wait"
				}
			]
		},
		{
			"conditions" : [
				{
					"condition" : "killed_by_entity",
					"entity_type" : "minecraft:stray"
				}
			],
			"rolls" : 1,
			"entries" : [
				{
					"type" : "item",
					"name" : "minecraft:record_13"
				},
				{
					"type" : "item",
					"name" : "minecraft:record_cat"
				},
				{
					"type" : "item",
					"name" : "minecraft:record_blocks"
				},
				{
					"type" : "item",
					"name" : "minecraft:record_chirp"
				},
				{
					"type" : "item",
					"name" : "minecraft:record_far"
				},
				{
					"type" : "item",
					"name" : "minecraft:record_mall"
				},
				{
					"type" : "item",
					"name" : "minecraft:record_mellohi"
				},
				{
					"type" : "item",
					"name" : "minecraft:record_stal"
				},
				{
					"type" : "item",
					"name" : "minecraft:record_strad"
				},
				{
					"type" : "item",
					"name" : "minecraft:record_ward"
				},
				{
					"type" : "item",
					"name" : "minecraft:record_11"
				},
				{
					"type" : "item",
					"name" : "minecraft:record_wait"
				}
			]
		}
	]
}
