{
	"format_version": "1.16.100",
	"minecraft:item": {
		"description": {
			"identifier": "heavy:copper_shovel",
			"category": "equipment"
		},
		"components": {
			"minecraft:repairable": {
				"repair_items": [
					{
						"items": [
							"minecraft:copper_ingot"
						],
						"repair_amount": 30
					},
					{
						"items": [
						  "heavy:copper_shovel"
						],
						"repair_amount": "context.other->query.remaining_durability + 0.05 * context.other->query.max_durability"
					}
				]
			},
			"minecraft:max_stack_size": 1,
			"minecraft:hand_equipped": true,
			"minecraft:mining_speed": 1,
			"minecraft:damage": 3,
			"minecraft:enchantable": {
				"value": 6,
				"slot": "shovel"
			},
			"tag:minecraft:is_shovel": {},
			"minecraft:digger": {
				"use_efficiency": true,
				"destroy_speeds": [
					{
						"block": {
							"tags": "q.any_tag('dirt', 'sand', 'gravel', 'grass', 'snow')"
						},
						"speed": 6,
						"on_dig": {
							"event": "minecraft:break"
						}
					},
					{
						"block": "minecraft:grass_path",
						"speed": 6,
						"on_dig": {
							"event": "minecraft:break"
						}
					},
					{
						"block": "minecraft:soul_sand",
						"speed": 6,
						"on_dig": {
							"event": "minecraft:break"
						}
					},
					{
						"block": "minecraft:soul_soil",
						"speed": 6,
						"on_dig": {
							"event": "minecraft:break"
						}
					},
					{
						"block": "minecraft:mud",
						"speed": 6,
						"on_dig": {
							"event": "minecraft:break"
						}
					},
					{
						"block": "minecraft:dirt_with_roots",
						"speed": 6,
						"on_dig": {
							"event": "minecraft:break"
						}
					},
					{
						"block": "minecraft:muddy_mangrove_roots",
						"speed": 6,
						"on_dig": {
							"event": "minecraft:break"
						}
					},
					{
						"block": "minecraft:farmland",
						"speed": 6,
						"on_dig": {
							"event": "minecraft:break"
						}
					},
					{
						"block": "minecraft:snow",
						"speed": 6,
						"on_dig": {
							"event": "minecraft:break"
						}
					},
					{
						"block": "minecraft:grass",
						"speed": 6,
						"on_dig": {
							"event": "minecraft:break"
						}
					},
					{
						"block": "minecraft:gravel",
						"speed": 6,
						"on_dig": {
							"event": "minecraft:break"
						}
					},
					{
						"block": "minecraft:sand",
						"speed": 6,
						"on_dig": {
							"event": "minecraft:break"
						}
					},
					{
						"block": "minecraft:dirt",
						"speed": 6,
						"on_dig": {
							"event": "minecraft:break"
						}
					},
					{
						"block": "minecraft:concretePowder",
						"speed": 6,
						"on_dig": {
							"event": "minecraft:break"
						}
					},
					{
						"block": "minecraft:mycelium",
						"speed": 6,
						"on_dig": {
							"event": "minecraft:break"
						}
					},
					{
						"block": "minecraft:podzol",
						"speed": 6,
						"on_dig": {
							"event": "minecraft:break"
						}
					},
					{
						"block": "minecraft:snow",
						"speed": 6,
						"on_dig": {
							"event": "minecraft:break"
						}
					},
					{
						"block": "minecraft:clay",
						"speed": 6,
						"on_dig": {
							"event": "minecraft:break"
						}
					}
				],
				"on_dig": {
					"event": "minecraft:break",
					"target": "self"
				}
			},
			"minecraft:display_name": {},
			"minecraft:durability": {
				"max_durability": 175
			},
			"minecraft:creative_category": {
				"parent": "itemGroup.name.shovel"
			},
			"minecraft:icon": {
				"texture": "copper_shovel"
			},
			"minecraft:weapon": {
				"on_hurt_entity": {
					"event": "minecraft:hit"
				}
			},
			"minecraft:use_on": {
				"blocks": [
					"grass",
					"dirt",
					"grass_path",
					"podzol",
					"mycelium"
				]
			}
		},
		"events": {
			"minecraft:hit": {
				"randomize":[
				   {
					   "weight":1,
					   "condition": "query.remaining_durability < 120",
					   "transform_item": {
						 "transform": "heavy:weathered_copper_shovel"
					   },
					   "damage": {
						   "type": "durability",
						   "amount": 2
					   }
				   },
				   {
					   "weight":75,
					   "damage": {
						   "type": "durability",
						   "amount": 2
					   }
				   }
			   ]
			},
			"minecraft:break": {
				"randomize":[
				   {
					   "weight":1,
					   "condition": "query.remaining_durability < 120",
					   "transform_item": {
						 "transform": "heavy:exposed_copper_shovel"
					   },
					   "damage": {
						   "type": "durability",
						   "amount": 1
					   }
				   },
				   {
					   "weight":75,
					   "damage": {
						   "type": "durability",
						   "amount": 1
					   }
				   }
			   ]
			},
			"on_tool_used": {
				"swing": {
					},
				"damage": {
				"type": "durability",
				"amount": 1
				},
				"run_command": {
					"command": [
						"playsound step.grass @a ~~~"
					]
				}
			}
		}
	}
}