{
	"format_version": "1.17.30",
	"minecraft:item": {
		"description": {
			"identifier": "heavy:parcanite_shovel",
			"category": "equipment"
		},
		"components": {
			"minecraft:render_offsets": {
				"main_hand": {
					"third_person": {
						"position": [0.6,1.7,-1.0],
						"scale": [
							0.1,
							0.07,
							0.1
						 ]
					},
					"first_person": {
						"position": [0.45,0.1,-1.1],
						"scale": [
						   0.035,
						   0.028,
						   0.035
						]
					 }
				}
			},
			"minecraft:max_stack_size": 1,
			"minecraft:hand_equipped": true,
			"minecraft:mining_speed": 1,
			"minecraft:damage": 8,
			"minecraft:enchantable": {
				"value": 50,
				"slot": "shovel"
			},
			"tag:minecraft:is_shovel": {},
			"minecraft:digger": {
				"use_efficiency": true,
				"destroy_speeds": [
					{
						"block": {
							"tags": "q.any_tag('dirt', 'sand', 'gravel', 'grass', 'snow')"
						},
						"speed": 30,
						"on_dig": {
							"event": "break_blocks"
						}
					},
					{
						"block": "minecraft:grass_path",
						"speed": 30,
						"on_dig": {
							"event": "break_blocks"
						}
					},
					{
						"block": "minecraft:soul_sand",
						"speed": 30,
						"on_dig": {
							"event": "break_blocks"
						}
					},
					{
						"block": "minecraft:soul_soil",
						"speed": 30,
						"on_dig": {
							"event": "break_blocks"
						}
					},
					{
						"block": "minecraft:mud",
						"speed": 30,
						"on_dig": {
							"event": "break_blocks"
						}
					},
					{
						"block": "minecraft:dirt_with_roots",
						"speed": 30,
						"on_dig": {
							"event": "break_blocks"
						}
					},
					{
						"block": "minecraft:muddy_mangrove_roots",
						"speed": 30,
						"on_dig": {
							"event": "break_blocks"
						}
					},
					{
						"block": "minecraft:farmland",
						"speed": 30,
						"on_dig": {
							"event": "break_blocks"
						}
					},
					{
						"block": "minecraft:snow",
						"speed": 30,
						"on_dig": {
							"event": "break_blocks"
						}
					},
					{
						"block": "minecraft:grass",
						"speed": 30,
						"on_dig": {
							"event": "break_blocks"
						}
					},
					{
						"block": "minecraft:gravel",
						"speed": 30,
						"on_dig": {
							"event": "break_blocks"
						}
					},
					{
						"block": "minecraft:sand",
						"speed": 30,
						"on_dig": {
							"event": "break_blocks"
						}
					},
					{
						"block": "minecraft:dirt",
						"speed": 30,
						"on_dig": {
							"event": "break_blocks"
						}
					},
					{
						"block": "minecraft:concretePowder",
						"speed": 30,
						"on_dig": {
							"event": "break_blocks"
						}
					},
					{
						"block": "minecraft:mycelium",
						"speed": 30,
						"on_dig": {
							"event": "break_blocks"
						}
					},
					{
						"block": "minecraft:podzol",
						"speed": 30,
						"on_dig": {
							"event": "break_blocks"
						}
					},
					{
						"block": "minecraft:snow",
						"speed": 30,
						"on_dig": {
							"event": "break_blocks"
						}
					},
					{
						"block": "minecraft:clay",
						"speed": 30,
						"on_dig": {
							"event": "break_blocks"
						}
					}
				],
				"on_dig": {
					"event": "break_blocks",
					"target": "self"
				}
			},
			"minecraft:display_name": {},
			"minecraft:durability": {
				"max_durability": 3633
			},
			"minecraft:creative_category": {
				"parent": "itemGroup.name.shovel"
			},
			"minecraft:icon": {
				"texture": "parcanite_shovel"
			},
			"minecraft:weapon": {
				"on_hurt_entity": {
					"event": "break_blocks"
				}
			}
		},
		"events": {
			"break_blocks": {
				"damage": {
					"type": "durability",
					"amount": 1
				}
			}
		}
	}
}