{
	"format_version": "1.16.100",
	"minecraft:item": {
		"description": {
			"identifier": "heavy:parcanite_hoe",
			"category": "equipment"
		},
		"components": {
			"minecraft:render_offsets": {
				"main_hand": {
					"third_person": {
						"position": [0.6,1.7,-1.0],
						"scale": [
							0.1,
							0.07,
							0.1
						 ]
					},
					"first_person": {
						"position": [0.45,0.1,-1.1],
						"scale": [
						   0.035,
						   0.028,
						   0.035
						]
					 }
				}
			},
			"minecraft:damage": 9,
			"minecraft:enchantable": {
				"value": 50,
				"slot": "hoe"
			},
			"minecraft:max_stack_size": 1,
			"minecraft:hand_equipped": true,
			"minecraft:mining_speed": 1,
			"minecraft:digger": {
				"use_efficiency": true,
				"destroy_speeds": [
					{
						"block": "minecraft:mangrove_leaves",
						"speed": 25,
						"on_dig": {
							"event": "break_blocks"
						}
					},
					{
						"block": "minecraft:moss_block",
						"speed": 25,
						"on_dig": {
							"event": "break_blocks"
						}
					},
					{
						"block": "minecraft:leaves",
						"speed": 25,
						"on_dig": {
							"event": "break_blocks"
						}
					},
					{
						"block": "minecraft:shroomlight",
						"speed": 25,
						"on_dig": {
							"event": "break_blocks"
						}
					},
					{
						"block": "minecraft:sponge",
						"speed": 25,
						"on_dig": {
							"event": "break_blocks"
						}
					},
					{
						"block": "minecraft:target",
						"speed": 25,
						"on_dig": {
							"event": "break_blocks"
						}
					},
					{
						"block": "minecraft:hay_block",
						"speed": 25,
						"on_dig": {
							"event": "break_blocks"
						}
					},
					{
						"block": "minecraft:leaves2",
						"speed": 25,
						"on_dig": {
							"event": "break_blocks"
						}
					},
					{
						"block": "minecraft:warped_wart_block",
						"speed": 25,
						"on_dig": {
							"event": "break_blocks"
						}
					},
					{
						"block": "minecraft:nether_wart_block",
						"speed": 25,
						"on_dig": {
							"event": "break_blocks"
						}
					},
					{
						"block": "minecraft:sculk",
						"speed": 25,
						"on_dig": {
							"event": "break_blocks"
						}
					},
					{
						"block": "minecraft:sculk_catalyst",
						"speed": 25,
						"on_dig": {
							"event": "break_blocks"
						}
					},
					{
						"block": "minecraft:sculk_shrieker",
						"speed": 25,
						"on_dig": {
							"event": "break_blocks"
						}
					},
					{
						"block": "minecraft:sculk_vein",
						"speed": 25,
						"on_dig": {
							"event": "break_blocks"
						}
					},
					{
						"block": "minecraft:sculk_sensor",
						"speed": 25,
						"on_dig": {
							"event": "break_blocks"
						}
					},
					{
						"block": "minecraft:dried_kelp_block",
						"speed": 25,
						"on_dig": {
							"event": "break_blocks"
						}
					}
				],
				"on_dig": {
					"event": "break_blocks",
					"target": "self"
				}
			},
			"minecraft:display_name": {},
			"minecraft:durability": {
				"max_durability": 3633
			},
			"minecraft:creative_category": {
				"parent": "itemGroup.name.hoe"
			},
			"minecraft:icon": {
				"texture": "parcanite_hoe"
			},
			"tag:minecraft:is_hoe": {}
		},
		"events": {
			"break_blocks": {
				"damage": {
					"type": "durability",
					"amount": 1
				}
			}
		}
	}
}