{
    "format_version": "1.17.10",
    "minecraft:item": {
        "description": {
            "identifier": "heavy:deathnerite_carrot",
            "category": "nature"
        },
        "components": {
             "minecraft:use_animation": "eat",
            "minecraft:use_duration":1.6,
            "minecraft:food": {
              "can_always_eat": true,
                "nutrition": 10,
                "saturation_modifier": "supernatural",
                "on_consume": {
                    "event": "trade",
                    "target": "self"
                  }
            },
            "minecraft:max_stack_size": 64,
            "minecraft:icon": {
                "texture": "deathnerite_carrot"
            },
            "minecraft:display_name": {
            },
            "minecraft:creative_category": {
                "parent": "itemGroup.name.crop"

}
        },
        "events": {
            "trade":{
				"sequence": [
                    {
						"run_command":{
							"command":[
							  "effect @s fire_resistance 3600 0",
							  "effect @s regeneration 120 1"
							],
							"target": "holder"
						  }
                    }
                ]
			}
    }
  }
}