{
    "format_version": "1.17.10",
    "minecraft:item": {
        "description": {
            "identifier": "heavy:deathnerite_apple",
            "category": "nature"
        },
        "components": {
             "minecraft:use_animation": "eat",
            "minecraft:use_duration":1.8,
            "minecraft:food": {
              "can_always_eat": true,
                "nutrition": 20,
                "saturation_modifier": "supernatural",
                "on_consume": {
                    "event": "trade",
                    "target": "self"
                  }
            },
            "minecraft:max_stack_size": 1,
            "minecraft:icon": {
                "texture": "deathnerite_apple"
            },
            "minecraft:display_name": {
            },
            "minecraft:creative_category": {
              "parent": "itemGroup.name.crop"

}
        },
        "events": {
            "trade":{
				"sequence": [
                    {
						"run_command":{
							"command":[
							  "effect @s fire_resistance 1200 0",
							  "effect @s regeneration 30 4",
                              "effect @s absorption 60 5",
                              "effect @s resistance 120 2",
                              "effect @s Strength 30 0"
							],
							"target": "holder"
						  }
                    }
                ]
			}
    }
  }
}