{
	"format_version": "1.17.0",
	"minecraft:item": {
		"description": {
			"identifier": "heavy:ferro_copper_shovel",
			"category": "equipment"
		},
		"components": {
			"minecraft:repairable": {
				"repair_items": [
					{
						"items": [
							"minecraft:copper_ingot"
						],
						"repair_amount": "query.max_durability * 0.25"
					},
					{
						"items": [
							"minecraft:iron_ingot"
						],
						"repair_amount": "query.max_durability * 0.35"
					}
				]
			},
			"minecraft:max_stack_size": 1,
			"minecraft:hand_equipped": true,
			"minecraft:mining_speed": 1,
			"minecraft:damage": 4,
			"minecraft:enchantable": {
				"value": 3,
				"slot": "shovel"
			},
			"tag:minecraft:is_shovel": {},
			"minecraft:digger": {
				"use_efficiency": true,
				"destroy_speeds": [
					{
						"block": {
							"tags": "q.any_tag('dirt', 'sand', 'gravel', 'grass', 'snow')"
						},
						"speed": 10,
						"on_dig": {
							"event": "minecraft:break"
						}
					},
					{
						"block": "minecraft:grass_path",
						"speed": 10,
						"on_dig": {
							"event": "minecraft:break"
						}
					},
					{
						"block": "minecraft:soul_sand",
						"speed": 10,
						"on_dig": {
							"event": "minecraft:break"
						}
					},
					{
						"block": "minecraft:soul_soil",
						"speed": 10,
						"on_dig": {
							"event": "minecraft:break"
						}
					},
					{
						"block": "minecraft:mud",
						"speed": 10,
						"on_dig": {
							"event": "minecraft:break"
						}
					},
					{
						"block": "minecraft:dirt_with_roots",
						"speed": 10,
						"on_dig": {
							"event": "minecraft:break"
						}
					},
					{
						"block": "minecraft:muddy_mangrove_roots",
						"speed": 10,
						"on_dig": {
							"event": "minecraft:break"
						}
					},
					{
						"block": "minecraft:farmland",
						"speed": 10,
						"on_dig": {
							"event": "minecraft:break"
						}
					},
					{
						"block": "minecraft:snow",
						"speed": 10,
						"on_dig": {
							"event": "minecraft:break"
						}
					},
					{
						"block": "minecraft:grass",
						"speed": 10,
						"on_dig": {
							"event": "minecraft:break"
						}
					},
					{
						"block": "minecraft:gravel",
						"speed": 10,
						"on_dig": {
							"event": "minecraft:break"
						}
					},
					{
						"block": "minecraft:sand",
						"speed": 10,
						"on_dig": {
							"event": "minecraft:break"
						}
					},
					{
						"block": "minecraft:dirt",
						"speed": 10,
						"on_dig": {
							"event": "minecraft:break"
						}
					},
					{
						"block": "minecraft:concretePowder",
						"speed": 10,
						"on_dig": {
							"event": "minecraft:break"
						}
					},
					{
						"block": "minecraft:mycelium",
						"speed": 10,
						"on_dig": {
							"event": "minecraft:break"
						}
					},
					{
						"block": "minecraft:podzol",
						"speed": 10,
						"on_dig": {
							"event": "minecraft:break"
						}
					},
					{
						"block": "minecraft:snow",
						"speed": 10,
						"on_dig": {
							"event": "minecraft:break"
						}
					},
					{
						"block": "minecraft:clay",
						"speed": 10,
						"on_dig": {
							"event": "minecraft:break"
						}
					}
				],
				"on_dig": {
					"event": "minecraft:break",
					"target": "self"
				}
			},
			"minecraft:display_name": {},
			"minecraft:durability": {
				"max_durability": 131
			},
			"minecraft:creative_category": {
				"parent": "itemGroup.name.shovel"
			},
			"minecraft:icon": {
				"texture": "ferro_copper_shovel"
			},
			"minecraft:weapon": {
				"on_hurt_entity": {
					"event": "minecraft:hit"
				}
			}
		},
		"events": {
			"minecraft:hit": {
				"damage": {
				   "type": "durability",
					 "amount": 2
				}
			},
			"minecraft:break": {
				"damage": {
				   "type": "durability",
					 "amount": 1
				}
			},
			"on_tool_used": {
				"sequence":[	
					{
						"swing": {
						},
					"damage": {
					"type": "durability",
					"amount": 1
					},
					"run_command": {
						"command": [
							"playsound step.grass @a ~~~"
						]
					}
					},
					{
						"run_command": {
						  "command": ["fill ~ ~ ~ ~ ~ ~ minecraft:grass_path 0 replace minecraft:mycelium 0"]
						},
						"target": "block"
					}
				]
			}
		}
	}
}