{
	"format_version": "1.17.0",
	"minecraft:item": {
		"description": {
			"identifier": "heavy:ferro_copper_axe",
			"category": "equipment"
		},
		"components": {
			"minecraft:repairable": {
				"repair_items": [
					{
						"items": [
							"minecraft:copper_ingot"
						],
						"repair_amount": "query.max_durability * 0.25"
					},
					{
						"items": [
							"minecraft:iron_ingot"
						],
						"repair_amount": "query.max_durability * 0.35"
					}
				]
			},
			"minecraft:max_stack_size": 1,
			"minecraft:hand_equipped": true,
			"minecraft:mining_speed": 1,
			"minecraft:damage": 6,
			"tag:minecraft:is_axe": {
			},
			"minecraft:use_on": {
				"blocks": [
					"log",
					"log2",
					"wood"
				]
			},
			"minecraft:enchantable": {
				"value": 3,
				"slot": "axe"
			},
			"minecraft:digger": {
				"use_efficiency": true,
				"destroy_speeds": [
					{
						"block": "minecraft:fence",
						"speed": 10,
						"on_dig": {
							"event": "minecraft:break"
						}
					},
					{
						"block": "minecraft:log",
						"speed": 10,
						"on_dig": {
							"event": "minecraft:break"
						}
					},
					{
						"block": "minecraft:mangrove_fence_gate",
						"speed": 10,
						"on_dig": {
							"event": "minecraft:break"
						}
					},
					{
						"block": "minecraft:mangrove_fence",
						"speed": 10,
						"on_dig": {
							"event": "minecraft:break"
						}
					},
					{
						"block": "minecraft:planks",
						"speed": 10,
						"on_dig": {
							"event": "minecraft:break"
						}
					},
					{
						"block": "minecraft:mangrove_planks",
						"speed": 10,
						"on_dig": {
							"event": "minecraft:break"
						}
					},
					{
						"block": "minecraft:mangrove_button",
						"speed": 10,
						"on_dig": {
							"event": "minecraft:break"
						}
					},
					{
						"block": "minecraft:mangrove_double_slab",
						"speed": 10,
						"on_dig": {
							"event": "minecraft:break"
						}
					},
					{
						"block": "minecraft:mangrove_slab",
						"speed": 10,
						"on_dig": {
							"event": "minecraft:break"
						}
					},
					{
						"block": "minecraft:mangrove_door",
						"speed": 10,
						"on_dig": {
							"event": "minecraft:break"
						}
					},
					{
						"block": "minecraft:carved_pumpkin",
						"speed": 10,
						"on_dig": {
							"event": "minecraft:break"
						}
					},
					{
						"block": "minecraft:lit_pumpkin",
						"speed": 10,
						"on_dig": {
							"event": "minecraft:break"
						}
					},
					{
						"block": "minecraft:warped_pressure_plate",
						"speed": 10,
						"on_dig": {
							"event": "minecraft:break"
						}
					},
					{
						"block": "minecraft:crimson_pressure_plate",
						"speed": 10,
						"on_dig": {
							"event": "minecraft:break"
						}
					},
					{
						"block": "minecraft:mangrove_pressure_plate",
						"speed": 10,
						"on_dig": {
							"event": "minecraft:break"
						}
					},
					{
						"block": "minecraft:dark_oak_pressure_plate",
						"speed": 10,
						"on_dig": {
							"event": "minecraft:break"
						}
					},
					{
						"block": "minecraft:acacia_pressure_plate",
						"speed": 10,
						"on_dig": {
							"event": "minecraft:break"
						}
					},
					{
						"block": "minecraft:jungle_pressure_plate",
						"speed": 10,
						"on_dig": {
							"event": "minecraft:break"
						}
					},
					{
						"block": "minecraft:birch_pressure_plate",
						"speed": 10,
						"on_dig": {
							"event": "minecraft:break"
						}
					},
					{
						"block": "minecraft:spruce_pressure_plate",
						"speed": 10,
						"on_dig": {
							"event": "minecraft:break"
						}
					},
					{
						"block": "minecraft:wooden_pressure_plate",
						"speed": 10,
						"on_dig": {
							"event": "minecraft:break"
						}
					},
					{
						"block": "minecraft:warped_standing_sign",
						"speed": 10,
						"on_dig": {
							"event": "minecraft:break"
						}
					},
					{
						"block": "minecraft:crimson_standing_sign",
						"speed": 10,
						"on_dig": {
							"event": "minecraft:break"
						}
					},
					{
						"block": "minecraft:mangrove_standing_sign",
						"speed": 10,
						"on_dig": {
							"event": "minecraft:break"
						}
					},
					{
						"block": "minecraft:darkoak_standing_sign",
						"speed": 10,
						"on_dig": {
							"event": "minecraft:break"
						}
					},
					{
						"block": "minecraft:acacia_standing_sign",
						"speed": 10,
						"on_dig": {
							"event": "minecraft:break"
						}
					},
					{
						"block": "minecraft:jungle_standing_sign",
						"speed": 10,
						"on_dig": {
							"event": "minecraft:break"
						}
					},
					{
						"block": "minecraft:birch_standing_sign",
						"speed": 10,
						"on_dig": {
							"event": "minecraft:break"
						}
					},
					{
						"block": "minecraft:spruce_standing_sign",
						"speed": 10,
						"on_dig": {
							"event": "minecraft:break"
						}
					},
					{
						"block": "minecraft:standing_sign",
						"speed": 10,
						"on_dig": {
							"event": "minecraft:break"
						}
					},
					{
						"block": "minecraft:smithing_table",
						"speed": 10,
						"on_dig": {
							"event": "minecraft:break"
						}
					},
					{
						"block": "minecraft:fletching_table",
						"speed": 10,
						"on_dig": {
							"event": "minecraft:break"
						}
					},
					{
						"block": "minecraft:stripped_mangrove_wood",
						"speed": 10,
						"on_dig": {
							"event": "minecraft:break"
						}
					},
					{
						"block": "minecraft:mangrove_wood",
						"speed": 10,
						"on_dig": {
							"event": "minecraft:break"
						}
					},
					{
						"block": "minecraft:wood",
						"speed": 10,
						"on_dig": {
							"event": "minecraft:break"
						}
					},
					{
						"block": "minecraft:stripped_mangrove_log",
						"speed": 10,
						"on_dig": {
							"event": "minecraft:break"
						}
					},
					{
						"block": "minecraft:mangrove_log",
						"speed": 10,
						"on_dig": {
							"event": "minecraft:break"
						}
					},
					{
						"block": "minecraft:stripped_dark_oak_log",
						"speed": 10,
						"on_dig": {
							"event": "minecraft:break"
						}
					},
					{
						"block": "minecraft:stripped_acacia_log",
						"speed": 10,
						"on_dig": {
							"event": "minecraft:break"
						}
					},
					{
						"block": "minecraft:stripped_jungle_log",
						"speed": 10,
						"on_dig": {
							"event": "minecraft:break"
						}
					},
					{
						"block": "minecraft:stripped_birch_log",
						"speed": 10,
						"on_dig": {
							"event": "minecraft:break"
						}
					},
					{
						"block": "minecraft:stripped_spruce_log",
						"speed": 10,
						"on_dig": {
							"event": "minecraft:break"
						}
					},
					{
						"block": "minecraft:stripped_oak_log",
						"speed": 10,
						"on_dig": {
							"event": "minecraft:break"
						}
					},
					{
						"block": "minecraft:log",
						"speed": 10,
						"on_dig": {
							"event": "minecraft:break"
						}
					},
					{
						"block": "minecraft:log2",
						"speed": 10,
						"on_dig": {
							"event": "minecraft:break"
						}
					},
					{
						"block": "minecraft:chest",
						"speed": 10,
						"on_dig": {
							"event": "minecraft:break"
						}
					},
					{
						"block": "minecraft:melon_block",
						"speed": 10,
						"on_dig": {
							"event": "minecraft:break"
						}
					},
					{
						"block": "minecraft:crafting_table",
						"speed": 10,
						"on_dig": {
							"event": "minecraft:break"
						}
					},
					{
						"block": "minecraft:crimson_planks",
						"speed": 10,
						"on_dig": {
							"event": "minecraft:break"
						}
					},
					{
						"block": "minecraft:crimson_stem",
						"speed": 10,
						"on_dig": {
							"event": "minecraft:break"
						}
					},
					{
						"block": "minecraft:stripped_crimson_stem",
						"speed": 10,
						"on_dig": {
							"event": "minecraft:break"
						}
					},
					{
						"block": "minecraft:stripped_crimson_hyphae",
						"speed": 10,
						"on_dig": {
							"event": "minecraft:break"
						}
					},
					{
						"block": "minecraft:crimson_hyphae",
						"speed": 10,
						"on_dig": {
							"event": "minecraft:break"
						}
					},
					{
						"block": "minecraft:crimson_slab",
						"speed": 10,
						"on_dig": {
							"event": "minecraft:break"
						}
					},
					{
						"block": "minecraft:crimson_pressure_plate",
						"speed": 10,
						"on_dig": {
							"event": "minecraft:break"
						}
					},
					{
						"block": "minecraft:crimson_fence",
						"speed": 10,
						"on_dig": {
							"event": "minecraft:break"
						}
					},
					{
						"block": "minecraft:crimson_trapdoor",
						"speed": 10,
						"on_dig": {
							"event": "minecraft:break"
						}
					},
					{
						"block": "minecraft:crimson_fence_gate",
						"speed": 10,
						"on_dig": {
							"event": "minecraft:break"
						}
					},
					{
						"block": "minecraft:oak_stairs",
						"speed": 10,
						"on_dig": {
							"event": "minecraft:break"
						}
					},
					{
						"block": "minecraft:spruce_stairs",
						"speed": 10,
						"on_dig": {
							"event": "minecraft:break"
						}
					},
					{
						"block": "minecraft:jungle_stairs",
						"speed": 10,
						"on_dig": {
							"event": "minecraft:break"
						}
					},
					{
						"block": "minecraft:acacia_stairs",
						"speed": 10,
						"on_dig": {
							"event": "minecraft:break"
						}
					},
					{
						"block": "minecraft:dark_oak_stairs",
						"speed": 10,
						"on_dig": {
							"event": "minecraft:break"
						}
					},
					{
						"block": "minecraft:crimson_stairs",
						"speed": 10,
						"on_dig": {
							"event": "minecraft:break"
						}
					},
					{
						"block": "minecraft:warped_stairs",
						"speed": 10,
						"on_dig": {
							"event": "minecraft:break"
						}
					},
					{
						"block": "minecraft:mangrove_stairs",
						"speed": 10,
						"on_dig": {
							"event": "minecraft:break"
						}
					},
					{
						"block": "minecraft:crimson_stairs",
						"speed": 10,
						"on_dig": {
							"event": "minecraft:break"
						}
					},
					{
						"block": "minecraft:warped_stairs",
						"speed": 10,
						"on_dig": {
							"event": "minecraft:break"
						}
					},
					{
						"block": "minecraft:crimson_button",
						"speed": 10,
						"on_dig": {
							"event": "minecraft:break"
						}
					},
					{
						"block": "minecraft:crimson_wall_sign",
						"speed": 10,
						"on_dig": {
							"event": "minecraft:break"
						}
					},
					{
						"block": "minecraft:warped_planks",
						"speed": 10,
						"on_dig": {
							"event": "minecraft:break"
						}
					},
					{
						"block": "minecraft:warped_stem",
						"speed": 10,
						"on_dig": {
							"event": "minecraft:break"
						}
					},
					{
						"block": "minecraft:stripped_warped_stem",
						"speed": 10,
						"on_dig": {
							"event": "minecraft:break"
						}
					},
					{
						"block": "minecraft:stripped_warped_hyphae",
						"speed": 10,
						"on_dig": {
							"event": "minecraft:break"
						}
					},
					{
						"block": "minecraft:warped_hyphae",
						"speed": 10,
						"on_dig": {
							"event": "minecraft:break"
						}
					},
					{
						"block": "minecraft:warped_slab",
						"speed": 10,
						"on_dig": {
							"event": "minecraft:break"
						}
					},
					{
						"block": "minecraft:warped_pressure_plate",
						"speed": 10,
						"on_dig": {
							"event": "minecraft:break"
						}
					},
					{
						"block": "minecraft:warped_fence",
						"speed": 10,
						"on_dig": {
							"event": "minecraft:break"
						}
					},
					{
						"block": "minecraft:warped_trapdoor",
						"speed": 10,
						"on_dig": {
							"event": "minecraft:break"
						}
					},
					{
						"block": "minecraft:warped_fence_gate",
						"speed": 10,
						"on_dig": {
							"event": "minecraft:break"
						}
					},
					{
						"block": "minecraft:warped_button",
						"speed": 10,
						"on_dig": {
							"event": "minecraft:break"
						}
					},
					{
						"block": "minecraft:warped_door",
						"speed": 10,
						"on_dig": {
							"event": "minecraft:break"
						}
					},
					{
						"block": "minecraft:warped_wall_sign",
						"speed": 10,
						"on_dig": {
							"event": "minecraft:break"
						}
					},
					{
						"block": "minecraft:crimson_door",
						"speed": 10,
						"on_dig": {
							"event": "minecraft:break"
						}
					},
					{
						"block": "minecraft:loom",
						"speed": 10,
						"on_dig": {
							"event": "minecraft:break"
						}
					},
					{
						"block": "minecraft:trapped_chest",
						"speed": 10,
						"on_dig": {
							"event": "minecraft:break"
						}
					},
					{
						"block": "minecraft:lectern",
						"speed": 10,
						"on_dig": {
							"event": "minecraft:break"
						}
					},
					{
						"block": "minecraft:bookshelf",
						"speed": 10,
						"on_dig": {
							"event": "minecraft:break"
						}
					},
					{
						"block": "minecraft:composter",
						"speed": 10,
						"on_dig": {
							"event": "minecraft:break"
						}
					},
					{
						"block": "minecraft:jukebox",
						"speed": 10,
						"on_dig": {
							"event": "minecraft:break"
						}
					},
					{
						"block": "minecraft:soul_campfire",
						"speed": 10,
						"on_dig": {
							"event": "minecraft:break"
						}
					},
					{
						"block": "minecraft:campfire",
						"speed": 10,
						"on_dig": {
							"event": "minecraft:break"
						}
					},
					{
						"block": "minecraft:bee_nest",
						"speed": 10,
						"on_dig": {
							"event": "minecraft:break"
						}
					},
					{
						"block": "minecraft:beehive",
						"speed": 10,
						"on_dig": {
							"event": "minecraft:break"
						}
					},
					{
						"block": "minecraft:cartography_table",
						"speed": 10,
						"on_dig": {
							"event": "minecraft:break"
						}
					},
					{
						"block": "minecraft:scaffolding",
						"speed": 10,
						"on_dig": {
							"event": "minecraft:break"
						}
					},
					{
						"block": "minecraft:noteblock",
						"speed": 10,
						"on_dig": {
							"event": "minecraft:break"
						}
					}
				],
				"on_dig": {
					"event": "minecraft:break",
					"target": "self"
				}
			},
			"minecraft:display_name": {},
			"minecraft:durability": {
				"max_durability": 131
			},
			"minecraft:creative_category": {
				"parent": "itemGroup.name.axe"
			},
			"minecraft:icon": {
				"texture": "ferro_copper_axe"
			},
			"minecraft:weapon": {
				"on_hurt_entity": {
					"event": "minecraft:break"
				}
			}
		},
		"events": {
			"minecraft:break": {
				"damage": {
				   "type": "durability",
					 "amount": 1
				}
			},
			"on_tool_used": {
				"swing": {
					},
				"damage": {
				"type": "durability",
				"amount": 1
				},
				"run_command": {
					"command": [
						"playsound hit.wood @a ~~~"
					]
				}
			}
		}
	}
}
